Classification,Href
Amazon Devices & Accessories,/Best-Sellers-Amazon-Devices-Accessories/zgbs/amazon-devices/ref=zg_bs_nav_amazon-devices_0
Amazon Renewed,/Best-Sellers-Amazon-Renewed/zgbs/amazon-renewed/ref=zg_bs_nav_amazon-renewed_0
Appliances,/Best-Sellers-Appliances/zgbs/appliances/ref=zg_bs_nav_appliances_0
Apps & Games,/Best-Sellers-Apps-Games/zgbs/mobile-apps/ref=zg_bs_nav_mobile-apps_0
"Arts, Crafts & Sewing",/Best-Sellers-Arts-Crafts-Sewing/zgbs/arts-crafts/ref=zg_bs_nav_arts-crafts_0
Audible Books & Originals,/Best-Sellers-Audible-Books-Originals/zgbs/audible/ref=zg_bs_nav_audible_0
Automotive,/Best-Sellers-Automotive/zgbs/automotive/ref=zg_bs_nav_automotive_0
Baby,/Best-Sellers-Baby/zgbs/baby-products/ref=zg_bs_nav_baby-products_0
Beauty & Personal Care,/Best-Sellers-Beauty-Personal-Care/zgbs/beauty/ref=zg_bs_nav_beauty_0
Books,/best-sellers-books-Amazon/zgbs/books/ref=zg_bs_nav_books_0
Camera & Photo Products,/best-sellers-camera-photo/zgbs/photo/ref=zg_bs_nav_photo_0
CDs & Vinyl,/best-sellers-music-albums/zgbs/music/ref=zg_bs_nav_music_0
Cell Phones & Accessories,/Best-Sellers-Cell-Phones-Accessories/zgbs/wireless/ref=zg_bs_nav_wireless_0
"Clothing, Shoes & Jewelry",/Best-Sellers-Clothing-Shoes-Jewelry/zgbs/fashion/ref=zg_bs_nav_fashion_0
Collectible Coins,/Best-Sellers-Collectible-Coins/zgbs/coins/ref=zg_bs_nav_coins_0
Computers & Accessories,/Best-Sellers-Computers-Accessories/zgbs/pc/ref=zg_bs_nav_pc_0
Digital Educational Resources,/Best-Sellers-Digital-Educational-Resources/zgbs/digital-educational-resources/ref=zg_bs_nav_digital-educational-resources_0
Digital Music,/Best-Sellers-Digital-Music/zgbs/dmusic/ref=zg_bs_nav_dmusic_0
Electronics,/Best-Sellers-Electronics/zgbs/electronics/ref=zg_bs_nav_electronics_0
Entertainment Collectibles,/Best-Sellers-Entertainment-Collectibles/zgbs/entertainment-collectibles/ref=zg_bs_nav_entertainment-collectibles_0
Gift Cards,/Best-Sellers-Gift-Cards/zgbs/gift-cards/ref=zg_bs_nav_gift-cards_0
Grocery & Gourmet Food,/Best-Sellers-Grocery-Gourmet-Food/zgbs/grocery/ref=zg_bs_nav_grocery_0
Handmade Products,/Best-Sellers-Handmade-Products/zgbs/handmade/ref=zg_bs_nav_handmade_0
Health & Household,/Best-Sellers-Health-Household/zgbs/hpc/ref=zg_bs_nav_hpc_0
Home & Kitchen,/Best-Sellers-Home-Kitchen/zgbs/home-garden/ref=zg_bs_nav_home-garden_0
Industrial & Scientific,/Best-Sellers-Industrial-Scientific/zgbs/industrial/ref=zg_bs_nav_industrial_0
Kindle Store,/Best-Sellers-Kindle-Store/zgbs/digital-text/ref=zg_bs_nav_digital-text_0
Kitchen & Dining,/Best-Sellers-Kitchen-Dining/zgbs/kitchen/ref=zg_bs_nav_kitchen_0
Movies & TV,/best-sellers-movies-TV-DVD-Blu-ray/zgbs/movies-tv/ref=zg_bs_nav_movies-tv_0
Musical Instruments,/Best-Sellers-Musical-Instruments/zgbs/musical-instruments/ref=zg_bs_nav_musical-instruments_0
Office Products,/Best-Sellers-Office-Products/zgbs/office-products/ref=zg_bs_nav_office-products_0
"Patio, Lawn & Garden",/Best-Sellers-Patio-Lawn-Garden/zgbs/lawn-garden/ref=zg_bs_nav_lawn-garden_0
Pet Supplies,/Best-Sellers-Pet-Supplies/zgbs/pet-supplies/ref=zg_bs_nav_pet-supplies_0
Software,/best-sellers-software/zgbs/software/ref=zg_bs_nav_software_0
Sports & Outdoors,/Best-Sellers-Sports-Outdoors/zgbs/sporting-goods/ref=zg_bs_nav_sporting-goods_0
Sports Collectibles,/Best-Sellers-Sports-Collectibles/zgbs/sports-collectibles/ref=zg_bs_nav_sports-collectibles_0
Tools & Home Improvement,/Best-Sellers-Tools-Home-Improvement/zgbs/hi/ref=zg_bs_nav_hi_0
Toys & Games,/Best-Sellers-Toys-Games/zgbs/toys-and-games/ref=zg_bs_nav_toys-and-games_0
Unique Finds,/Best-Sellers-Unique-Finds/zgbs/boost/ref=zg_bs_nav_boost_0
Video Games,/best-sellers-video-games/zgbs/videogames/ref=zg_bs_nav_videogames_0
