Href,Classification
/Best-Sellers-CDs-Vinyl-Alternative-Rock/zgbs/music/30/ref=zg_bs_nav_music_1,Alternative Rock
/Best-Sellers-CDs-Vinyl-Blues/zgbs/music/31/ref=zg_bs_nav_music_1,Blues
/Best-Sellers-CDs-Vinyl-Broadway-Vocalists/zgbs/music/265640/ref=zg_bs_nav_music_1,Broadway & Vocalists
/Best-Sellers-CDs-Vinyl-Childrens-Music/zgbs/music/173425/ref=zg_bs_nav_music_1,Children's Music
/Best-Sellers-CDs-Vinyl-Christian-Gospel/zgbs/music/173429/ref=zg_bs_nav_music_1,Christian
/Best-Sellers-CDs-Vinyl-Classic-Rock/zgbs/music/67204/ref=zg_bs_nav_music_1,Classic Rock
/Best-Sellers-CDs-Vinyl-Classical/zgbs/music/85/ref=zg_bs_nav_music_1,Classical
/Best-Sellers-CDs-Vinyl-Country/zgbs/music/16/ref=zg_bs_nav_music_1,Country
/Best-Sellers-CDs-Vinyl-Dance-Electronic/zgbs/music/7/ref=zg_bs_nav_music_1,Dance & Electronic
/Best-Sellers-CDs-Vinyl-Folk/zgbs/music/32/ref=zg_bs_nav_music_1,Folk
/Best-Sellers-CDs-Vinyl-Gospel/zgbs/music/2231705011/ref=zg_bs_nav_music_1,Gospel
/Best-Sellers-CDs-Vinyl-Metal/zgbs/music/67207/ref=zg_bs_nav_music_1,Hard Rock & Metal
/Best-Sellers-CDs-Vinyl-Indie-Lo-Fi/zgbs/music/468300/ref=zg_bs_nav_music_1,Indie & Lo-Fi
/Best-Sellers-CDs-Vinyl-International-Music/zgbs/music/33/ref=zg_bs_nav_music_1,International Music
/Best-Sellers-CDs-Vinyl-Jazz/zgbs/music/34/ref=zg_bs_nav_music_1,Jazz
/Best-Sellers-CDs-Vinyl-Latin/zgbs/music/289122/ref=zg_bs_nav_music_1,Latin Music
/Best-Sellers-CDs-Vinyl-Special-Interest/zgbs/music/35/ref=zg_bs_nav_music_1,Miscellaneous
/Best-Sellers-CDs-Vinyl-New-Age/zgbs/music/36/ref=zg_bs_nav_music_1,New Age
/Best-Sellers-CDs-Vinyl-Opera-Vocal/zgbs/music/84/ref=zg_bs_nav_music_1,Opera & Vocal
/Best-Sellers-CDs-Vinyl-Pop/zgbs/music/37/ref=zg_bs_nav_music_1,Pop
/Best-Sellers-CDs-Vinyl-RB/zgbs/music/39/ref=zg_bs_nav_music_1,R&B
/Best-Sellers-CDs-Vinyl-Rap-Hip-Hop/zgbs/music/38/ref=zg_bs_nav_music_1,Rap & Hip-Hop
/Best-Sellers-CDs-Vinyl-Rock/zgbs/music/40/ref=zg_bs_nav_music_1,Rock
/Best-Sellers-CDs-Vinyl-Soundtracks/zgbs/music/42/ref=zg_bs_nav_music_1,Soundtracks
