Pid,Classification
B08FDBVDD8,Power & Hand Tools
B00FMPKAD0,Power & Hand Tools
B01LZEMYOD,Power & Hand Tools
B08XWW16HH,Power & Hand Tools
B08FHDQJ6W,Power & Hand Tools
B0C4L88ZFW,Power & Hand Tools
B0B824PKTF,Power & Hand Tools
B0012AXR4S,Power & Hand Tools
B000X4KP1C,Power & Hand Tools
B000QYC26K,Power & Hand Tools
B00Q01NXZW,Power & Hand Tools
B09SD6FZYS,Power & Hand Tools
B01MU7C7MZ,Power & Hand Tools
B00080DPNQ,Power & Hand Tools
B00BC39YFQ,Power & Hand Tools
B000KSCEH4,Power & Hand Tools
B0CHYL7R5C,Power & Hand Tools
B08ZJ56Z9W,Power & Hand Tools
B00RF9J8DY,Power & Hand Tools
B07GGYNHSQ,Power & Hand Tools
B08L8D54FB,Power & Hand Tools
B07457BXJW,Power & Hand Tools
B094279KBH,Power & Hand Tools
B0CJFHKXWZ,Power & Hand Tools
B01MTALKID,Power & Hand Tools
B0DNZH17M3,Power & Hand Tools
B0CN4SM9H7,Power & Hand Tools
B08YJTYDD4,Power & Hand Tools
B00OCGQG3S,Power & Hand Tools
B0082DDNHO,Power & Hand Tools
B007C6Q018,Power & Hand Tools
B091T368MK,Power & Hand Tools
B07M9ZKK9T,Power & Hand Tools
B01NAPQ4QP,Janitorial & Sanitation Supplies
B07ND3WR64,Janitorial & Sanitation Supplies
B095KCG1Q2,Janitorial & Sanitation Supplies
B09YKRZR22,Janitorial & Sanitation Supplies
B0CTD3M2HD,Janitorial & Sanitation Supplies
B0CTD36YKK,Janitorial & Sanitation Supplies
B09M5XF6JV,Janitorial & Sanitation Supplies
B09RY35M4S,Janitorial & Sanitation Supplies
B09M6JWHV5,Janitorial & Sanitation Supplies
B08RFCCBR1,Janitorial & Sanitation Supplies
B09YLMRM4Y,Janitorial & Sanitation Supplies
B07B3Y9FY6,Janitorial & Sanitation Supplies
B00706W9EC,Janitorial & Sanitation Supplies
B0CJ1NHWGX,Janitorial & Sanitation Supplies
B09YL81PWH,Janitorial & Sanitation Supplies
B0043P0IAK,Janitorial & Sanitation Supplies
B0BS4ZTJMB,Janitorial & Sanitation Supplies
B07DVY2PDZ,Janitorial & Sanitation Supplies
B0C544R2J7,Janitorial & Sanitation Supplies
B0BRPX44WZ,Janitorial & Sanitation Supplies
B0043P0GRA,Janitorial & Sanitation Supplies
B0D328ZWJW,Janitorial & Sanitation Supplies
B09YL8TX5K,Janitorial & Sanitation Supplies
B076DDVRPG,Janitorial & Sanitation Supplies
B00KA25G7A,Janitorial & Sanitation Supplies
B0CCV9KR88,Janitorial & Sanitation Supplies
B00007J6CX,Janitorial & Sanitation Supplies
B0846PGGMM,Janitorial & Sanitation Supplies
B07KG2X2GZ,Janitorial & Sanitation Supplies
B07XGKZ2RC,Janitorial & Sanitation Supplies
B0C3L7FKCQ,Janitorial & Sanitation Supplies
B09C2ZVVHJ,Janitorial & Sanitation Supplies
B09C31HJYF,Janitorial & Sanitation Supplies
B07ND52767,Janitorial & Sanitation Supplies
B0CN3185T8,Janitorial & Sanitation Supplies
B0BZZDPPRX,Janitorial & Sanitation Supplies
B086YYM4SZ,Janitorial & Sanitation Supplies
B013SX3T08,Janitorial & Sanitation Supplies
B001TQ6IHS,Janitorial & Sanitation Supplies
B0CTD2XLX5,Janitorial & Sanitation Supplies
B0CCYXX839,Janitorial & Sanitation Supplies
B004IR3044,Janitorial & Sanitation Supplies
B08TRQ3RC5,Janitorial & Sanitation Supplies
B008I7TNDW,Janitorial & Sanitation Supplies
B0C1NJDTTX,Janitorial & Sanitation Supplies
B000U7QDKO,Janitorial & Sanitation Supplies
B00L1GHHV2,Janitorial & Sanitation Supplies
B0CB6B2JWG,Janitorial & Sanitation Supplies
B07F268WY8,Janitorial & Sanitation Supplies
B01NB0729G,Janitorial & Sanitation Supplies
B0BSH3P97Y,Fasteners
B08HDFNDRP,Fasteners
B086ZK7RBF,Fasteners
B08BJC6MJC,Fasteners
B0C1SD9H1F,Fasteners
B089FLMFPB,Fasteners
B0CPHRTWCJ,Fasteners
B0CMLW8TF9,Fasteners
B0D46RZ8H7,Fasteners
B0CC1YGYVK,Fasteners
B09V32CKNJ,Fasteners
B0BRPQW3G9,Fasteners
B0845YKDHV,Fasteners
B0CQJZCC9T,Fasteners
B0BY8TNR5R,Fasteners
B0BF9KNTBM,Fasteners
B0BFL6TC9J,Fasteners
B0DFHCCM2G,Fasteners
B077S9XMNG,Fasteners
B0CS6H815L,Fasteners
B0CBJZNDN4,Fasteners
B094NTWHZV,Fasteners
B07CVT1N4M,Fasteners
B0D3WDQHX2,Fasteners
B08V5MJCX3,Fasteners
B0CQG63DZS,Fasteners
B0CGX21Y2C,Fasteners
B0D1MSBMDB,Fasteners
B09SHJSQTC,Fasteners
B08BCRZZS3,Fasteners
B09KM1H6RD,Fasteners
B0D3X5CT2J,Fasteners
B0CKYY4TDF,Fasteners
B0BN297MP5,Fasteners
B0BHNK23GJ,Fasteners
B0C2KCLGPF,Fasteners
B0972RYKG5,Fasteners
B0CH7LWVHC,Fasteners
B0B2N57KB4,Fasteners
B0CZNC6KJB,Fasteners
B08YRV3HTF,Fasteners
B0CRR7CY6B,Fasteners
B0BGH6BYSL,Fasteners
B0C1TT5PHN,Fasteners
B076CVQZWG,Fasteners
B0CGX2VSHW,Fasteners
B0CPVCTXJ7,Fasteners
B0BMQFHDBH,Fasteners
B09KRNQQD6,Fasteners
B08PNX33X1,Fasteners
B0DHWSVWSS,Lab & Scientific Products
B0CH9P19RW,Lab & Scientific Products
B07X8JQ8L5,Lab & Scientific Products
B01I5Y2DG6,Lab & Scientific Products
B0C5QJP4HB,Lab & Scientific Products
B013L31PQ0,Lab & Scientific Products
B0B97C4FWT,Lab & Scientific Products
B09LYJ675G,Lab & Scientific Products
B06XKMH86J,Lab & Scientific Products
B0CGTKTV15,Lab & Scientific Products
B09ZP8NXCD,Lab & Scientific Products
B000GSLKIW,Lab & Scientific Products
B0811PYS6T,Lab & Scientific Products
B0C1LXSVSH,Lab & Scientific Products
B01BSYQ0XC,Lab & Scientific Products
B0C1NBMHWM,Lab & Scientific Products
B0CNJR3TDH,Lab & Scientific Products
B07F3ZN56V,Lab & Scientific Products
B0DM62W8W3,Lab & Scientific Products
B0BY9L7DJX,Lab & Scientific Products
B09K4G8NX6,Lab & Scientific Products
B09YXB7HXK,Lab & Scientific Products
B0BYJ7R7BC,Lab & Scientific Products
B0CY8HM7HR,Lab & Scientific Products
B0001GUE3Q,Lab & Scientific Products
B07VTPJXH9,Lab & Scientific Products
B0BP12KBTV,Lab & Scientific Products
B0BVMC85N9,Lab & Scientific Products
B081MCBN67,Lab & Scientific Products
B07BMWL4ST,Lab & Scientific Products
B08DWKYR62,Lab & Scientific Products
B0D5DLWK43,Lab & Scientific Products
B0BNNJ9VW6,Lab & Scientific Products
B07S31KBG5,Lab & Scientific Products
B087N5N45G,Lab & Scientific Products
B0CR41RT86,Lab & Scientific Products
B01KK014F4,Lab & Scientific Products
B01N6QEINN,Lab & Scientific Products
B0DN3JLJQH,Lab & Scientific Products
B0CQWCS7DM,Lab & Scientific Products
B0C4Y4CY1G,Lab & Scientific Products
B0BM5XZFWM,Lab & Scientific Products
B0D96XGXH5,Lab & Scientific Products
B07JZ2HMJ7,Lab & Scientific Products
B0D127WV43,Lab & Scientific Products
B07ZQZ962K,Lab & Scientific Products
B0C72RTK1C,Lab & Scientific Products
B07TFXTQ57,Lab & Scientific Products
B01HGNYO0U,Lab & Scientific Products
B00DMI632G,Lab & Scientific Products
B008GUYZWK,Power Transmission Products
B07216D1SZ,Power Transmission Products
B082PPLHLQ,Power Transmission Products
B07XD6PLV1,Power Transmission Products
B00NM8H5SW,Power Transmission Products
B09BT7B8DP,Power Transmission Products
B0CB8XHRPG,Power Transmission Products
B073ST742Z,Power Transmission Products
B07F8WDFZV,Power Transmission Products
B0BZQ8WG4V,Power Transmission Products
B08DDKLYMF,Power Transmission Products
B0CXJMNDDL,Power Transmission Products
B08R93QQ8Z,Power Transmission Products
B0BWK6PMGX,Power Transmission Products
B0CBNYDZ5Z,Power Transmission Products
B0D94766KX,Power Transmission Products
B0C9LWT8Z3,Power Transmission Products
B08F2GC23K,Power Transmission Products
B0D2W49RLC,Power Transmission Products
B0CHN9MJ9V,Power Transmission Products
B018WFTJCY,Power Transmission Products
B018UWAXAQ,Power Transmission Products
B0C88CHS64,Power Transmission Products
B0D6YKD465,Power Transmission Products
B08SQ6C6XW,Power Transmission Products
B07PWDRBPN,Power Transmission Products
B07P5YZKY5,Power Transmission Products
B082PQ9FSY,Power Transmission Products
B0CJRDZCKT,Power Transmission Products
B07L7XCSDW,Power Transmission Products
B01IWGK9NG,Power Transmission Products
B0CZL3NFCL,Power Transmission Products
B0CLH31KV8,Power Transmission Products
B089M6B2JX,Power Transmission Products
B0D6YGGXFG,Power Transmission Products
B07QN9SJDJ,Power Transmission Products
B0CG5YB6B3,Power Transmission Products
B0C33BBRDT,Power Transmission Products
B09D2V4X99,Power Transmission Products
B081HHYFMB,Power Transmission Products
B0BL7MM3XT,Power Transmission Products
B08KD5Q2P7,Power Transmission Products
B075CMRGY6,Power Transmission Products
B0B51CTGQZ,Power Transmission Products
B08J1JSXDW,Power Transmission Products
B0CSN27T1D,Power Transmission Products
B0BFFSMBC7,Power Transmission Products
B0C9YXN232,Power Transmission Products
B09N12VWX1,Power Transmission Products
B0DFXN7Y87,Power Transmission Products
B00MXUHHGK,Occupational Health & Safety Products
B0029Z9T92,Occupational Health & Safety Products
B0BSSVRX6F,Occupational Health & Safety Products
B004CZYJLA,Occupational Health & Safety Products
B0DSKVKWRP,Occupational Health & Safety Products
B00005JSBK,Occupational Health & Safety Products
B0CKWK2KJD,Occupational Health & Safety Products
B004YIFA2C,Occupational Health & Safety Products
B000069EYA,Occupational Health & Safety Products
B0D3V5QN4P,Occupational Health & Safety Products
B07SWTLTSD,Occupational Health & Safety Products
B0B2PGY9CJ,Occupational Health & Safety Products
B09P52JX2R,Occupational Health & Safety Products
B099N4XM37,Occupational Health & Safety Products
B0DFPQH7T5,Occupational Health & Safety Products
B01LTICQYE,Occupational Health & Safety Products
B07JBJYVY5,Occupational Health & Safety Products
B0CHXZT3LD,Occupational Health & Safety Products
B08JQMPGWN,Occupational Health & Safety Products
B01N0O7CT0,Occupational Health & Safety Products
B01A12J3GI,Occupational Health & Safety Products
B0DGSN9282,Occupational Health & Safety Products
B08PBQFQH6,Occupational Health & Safety Products
B08YPGJB4P,Occupational Health & Safety Products
B0001VNZZU,Occupational Health & Safety Products
B092ZR1FR7,Occupational Health & Safety Products
B07DNFD3HM,Occupational Health & Safety Products
B000ND74XA,Occupational Health & Safety Products
B09X6753W1,Occupational Health & Safety Products
B09NWH8553,Occupational Health & Safety Products
B07R7JWMFP,Occupational Health & Safety Products
B07VF3C2CW,Occupational Health & Safety Products
B01LXRMR2F,Occupational Health & Safety Products
B08YS6WJZ3,Occupational Health & Safety Products
B0002EVNJ6,Occupational Health & Safety Products
B0BDYPVVST,Occupational Health & Safety Products
B08D7457XZ,Occupational Health & Safety Products
B0C5XCHJWL,Occupational Health & Safety Products
B08TR21685,Occupational Health & Safety Products
B0CY4SYXZX,Occupational Health & Safety Products
B0DJR39GQL,Occupational Health & Safety Products
B07MPC2DL1,Occupational Health & Safety Products
B019M576XW,Occupational Health & Safety Products
B07P1R36HH,Occupational Health & Safety Products
B09BN4YWFC,Occupational Health & Safety Products
B08H11S3MZ,Occupational Health & Safety Products
B07253G22T,Occupational Health & Safety Products
B0B7B956BD,Occupational Health & Safety Products
B0C8RT1PXM,Occupational Health & Safety Products
B08M6GWRGL,Occupational Health & Safety Products
B00GS8W3T4,Professional Medical Supplies
B01C5QS1T8,Professional Medical Supplies
B00KOSP454,Professional Medical Supplies
B0C9S5PMSD,Professional Medical Supplies
B0D3T1X1FS,Professional Medical Supplies
B00006IDL6,Professional Medical Supplies
B08XNHCQCG,Professional Medical Supplies
B0CHXY8WQW,Professional Medical Supplies
B07NFSFBXQ,Professional Medical Supplies
B09J1JRSLC,Professional Medical Supplies
B08JGP1WYM,Professional Medical Supplies
B07PQ8WTC4,Professional Medical Supplies
B08Y98BVDM,Professional Medical Supplies
B08B8BDG42,Professional Medical Supplies
B0D3SWL7Z5,Professional Medical Supplies
B0D8LLJ4MF,Professional Medical Supplies
B09NY9MMS3,Professional Medical Supplies
B07CF8C4VX,Professional Medical Supplies
B0BQJ2XZWF,Professional Medical Supplies
B06XS38XH6,Professional Medical Supplies
B0BF9YHRFM,Professional Medical Supplies
B00NCRE4GO,Professional Medical Supplies
B07794YMY7,Professional Medical Supplies
B00MOJTHGS,Professional Medical Supplies
B00ZO4WW7Q,Professional Medical Supplies
B00EV18F5G,Professional Medical Supplies
B07F2MQ9NJ,Professional Medical Supplies
B0CGQZF1YT,Professional Medical Supplies
B0CXMK9PCM,Professional Medical Supplies
B07BK4PXF7,Professional Medical Supplies
B095RZDJJD,Professional Medical Supplies
B08C7HDF1F,Professional Medical Supplies
B001KYVO78,Professional Medical Supplies
B0C9MZRBR7,Professional Medical Supplies
B07P39KTFN,Professional Medical Supplies
B06Y2FFQB9,Professional Medical Supplies
B0DFZX8CZW,Professional Medical Supplies
B0DN5ZMQ51,Professional Medical Supplies
B09Z61G77L,Professional Medical Supplies
B07KYWVCP6,Professional Medical Supplies
B08B7V2RG3,Professional Medical Supplies
B01G7I9U2M,Professional Medical Supplies
B001OK1YUA,Professional Medical Supplies
B08L47PMX6,Professional Medical Supplies
B0C82QD5BB,Professional Medical Supplies
B09F6SNKT4,Professional Medical Supplies
B0BGGYK4KC,Professional Medical Supplies
B07ZNWH48K,Professional Medical Supplies
B0BFRTM2R5,Professional Medical Supplies
B07QSFJ8S2,Professional Medical Supplies
B097SXK3FG,Power & Hand Tools
B0BVHK7GTF,Power & Hand Tools
B0DP2D7343,Power & Hand Tools
B087P191LP,Power & Hand Tools
B073YG65N2,Power & Hand Tools
B07MP1Q3W8,Power & Hand Tools
B00FZPDG1K,Power & Hand Tools
B08VHYX96W,Power & Hand Tools
B00ET5VMTU,Power & Hand Tools
B08DKC68JF,Power & Hand Tools
B07MDLCLML,Power & Hand Tools
B097P8L5TV,Power & Hand Tools
B08NX1XYBN,Power & Hand Tools
B0015SBILG,Power & Hand Tools
B07QN1PYYM,Power & Hand Tools
B0CDYG2T24,Power & Hand Tools
B0CF97GFS1,Power & Hand Tools
B0BXC81MFC,Power & Hand Tools
B01M27QHE2,Power & Hand Tools
B07R433VCT,Power & Hand Tools
B0B2NWK1QX,Power & Hand Tools
B07NQS465R,Power & Hand Tools
B08BJC7FZS,Power & Hand Tools
B07C5PM8L4,Power & Hand Tools
B07FDL1TW5,Power & Hand Tools
B098CF3VMM,Power & Hand Tools
B07QJ1Y527,Power & Hand Tools
B00004YVB2,Power & Hand Tools
B0B4RDHKDR,Power & Hand Tools
B09JYJLQXF,Power & Hand Tools
B07CR1GPBQ,Power & Hand Tools
B00M1XZXGU,Power & Hand Tools
B0D4G7Q55M,Power & Hand Tools
B07GDDF5JB,Power & Hand Tools
B0BLB99ZRS,Power & Hand Tools
B0C6XQZJTN,Power & Hand Tools
B07SFTHVBV,Power & Hand Tools
B0CX2DN388,Power & Hand Tools
B07DXTP9M9,Power & Hand Tools
B0CQ3SHF3W,Power & Hand Tools
B07FKBDNNQ,Power & Hand Tools
B01M1D17AW,Power & Hand Tools
B08RJ55NPF,Power & Hand Tools
B0105SSMRO,Power & Hand Tools
B0CYDTVPV2,Power & Hand Tools
B082XMMJZ7,Power & Hand Tools
B0776C2D6H,Power & Hand Tools
B01EOY7LTA,Power & Hand Tools
B07ZF3KHQH,Power & Hand Tools
B01G3VKPAE,Power & Hand Tools
B00FT74D3E,Professional Medical Supplies
B097YVXG3X,Professional Medical Supplies
B0D99LHV6M,Professional Medical Supplies
B09S6LHYYQ,Professional Medical Supplies
B0997VXC6D,Professional Medical Supplies
B01N3K8FCA,Professional Medical Supplies
B08QM81BJV,Professional Medical Supplies
B0D9LVRKZY,Professional Medical Supplies
B071G33DC1,Professional Medical Supplies
B09CL246NW,Professional Medical Supplies
B019PRXUUA,Professional Medical Supplies
B000YMFUZO,Professional Medical Supplies
B01N6T0XHP,Professional Medical Supplies
B078RMCFWQ,Professional Medical Supplies
B09ZQ2QSXS,Professional Medical Supplies
B0BL3R1GQG,Professional Medical Supplies
B09KZ6TBNY,Professional Medical Supplies
B0BFJW6X41,Professional Medical Supplies
B09WZRZQC9,Professional Medical Supplies
B09VMPDNZC,Professional Medical Supplies
B07F4JJH1Z,Professional Medical Supplies
B08CYD3WQ2,Professional Medical Supplies
B006EPM74W,Professional Medical Supplies
B07253Z16J,Professional Medical Supplies
B09VPRMM4K,Professional Medical Supplies
B07GSK7MF7,Professional Medical Supplies
B08VFZDX82,Professional Medical Supplies
B07DLFP8Q5,Professional Medical Supplies
B085LZVMFS,Professional Medical Supplies
B0BNLVDJX3,Professional Medical Supplies
B0B4S6MSX3,Professional Medical Supplies
B01LXAGV0H,Professional Medical Supplies
B01HSAG8BE,Professional Medical Supplies
B072N3YW38,Professional Medical Supplies
B09RWQ9TLX,Professional Medical Supplies
B07FFC361V,Professional Medical Supplies
B002CJ62N6,Professional Medical Supplies
B09HPNBZHD,Professional Medical Supplies
B0CPDYVKPX,Professional Medical Supplies
B071WRQ9YH,Professional Medical Supplies
B072R1F3TW,Professional Medical Supplies
B01BT3U6DW,Professional Medical Supplies
B0D6J5RQNG,Professional Medical Supplies
B07D1CT9DX,Professional Medical Supplies
B0D8LKJ82R,Professional Medical Supplies
B08WJQR2CR,Professional Medical Supplies
B0011E8DG2,Professional Medical Supplies
B0BKSKYJSH,Professional Medical Supplies
B0CGDM3SCN,Professional Medical Supplies
B07XYW52VQ,Professional Medical Supplies
B00FXNAAW2,Retail Store Fixtures & Equipment
B06X421WJ6,Retail Store Fixtures & Equipment
B09N18VKXY,Retail Store Fixtures & Equipment
B075QKVCC8,Retail Store Fixtures & Equipment
B07GYLFFVR,Retail Store Fixtures & Equipment
B0CFWGCW3K,Retail Store Fixtures & Equipment
B01MTX5DHH,Retail Store Fixtures & Equipment
B0CZF76L6H,Retail Store Fixtures & Equipment
B0BZCBJ7RL,Retail Store Fixtures & Equipment
B09KLX859Y,Retail Store Fixtures & Equipment
B0CM5ZVZ5H,Retail Store Fixtures & Equipment
B01N6JRIKS,Retail Store Fixtures & Equipment
B01G3WS3PW,Retail Store Fixtures & Equipment
B07X24QMQM,Retail Store Fixtures & Equipment
B0CB8B1M41,Retail Store Fixtures & Equipment
B07QQF9XP7,Retail Store Fixtures & Equipment
B00FXNACDE,Retail Store Fixtures & Equipment
B0CKMNPBL2,Retail Store Fixtures & Equipment
B07HFLT8ZL,Retail Store Fixtures & Equipment
B0B1YTNZ45,Retail Store Fixtures & Equipment
B09DSCK7PC,Retail Store Fixtures & Equipment
B0B69KDJ1H,Retail Store Fixtures & Equipment
B085TD9JHV,Retail Store Fixtures & Equipment
B07YNN93X7,Retail Store Fixtures & Equipment
B09WXZ383C,Retail Store Fixtures & Equipment
B01IRHUV6A,Retail Store Fixtures & Equipment
B09MCX673Y,Retail Store Fixtures & Equipment
B07FP199PF,Retail Store Fixtures & Equipment
B01NGYPL0H,Retail Store Fixtures & Equipment
B01NGYQ5LS,Retail Store Fixtures & Equipment
B0CP684RXL,Retail Store Fixtures & Equipment
B01MZ2ONRY,Retail Store Fixtures & Equipment
B08MZ99TBK,Retail Store Fixtures & Equipment
B09VDPSRSH,Retail Store Fixtures & Equipment
B00EVMVML4,Retail Store Fixtures & Equipment
B0DGTHLCGN,Retail Store Fixtures & Equipment
B0BKZ6TBVX,Retail Store Fixtures & Equipment
B08RCCP3HV,Retail Store Fixtures & Equipment
B0B4RYFZ5M,Retail Store Fixtures & Equipment
B091KFT7WN,Retail Store Fixtures & Equipment
B0BKXPJR8F,Retail Store Fixtures & Equipment
B08GG1P4Y3,Retail Store Fixtures & Equipment
B078249Y7C,Retail Store Fixtures & Equipment
B0854J48FD,Retail Store Fixtures & Equipment
B09B8P68FN,Retail Store Fixtures & Equipment
B08FMDLLYR,Retail Store Fixtures & Equipment
B073J4RS9C,Retail Store Fixtures & Equipment
B0DCSH6MG5,Retail Store Fixtures & Equipment
B0C4HCWVZQ,Retail Store Fixtures & Equipment
B0CLKK77J3,Retail Store Fixtures & Equipment
B008GRTSV6,Robotics
B07FTGBT64,Robotics
B0D8KC3MXS,Robotics
B01I0E821G,Robotics
B09G4RNT3G,Robotics
B07FTDQ6T2,Robotics
B0DBHZL7MS,Robotics
B07RGJXCFL,Robotics
B0BYNFSB3H,Robotics
B0D1YMLB4X,Robotics
B07FTGH695,Robotics
B0DK3QMQ37,Robotics
B0CPJJTDJ7,Robotics
B0CPLT3SNT,Robotics
B0CL6NYFFQ,Robotics
B07QMJ8XGF,Robotics
B0DCNSMBFN,Robotics
B08BFPP8N8,Robotics
B0CMQGXYKT,Robotics
B0DN4MVX33,Robotics
B0DJR1V1KX,Robotics
B081CGRH4B,Robotics
B07YS5BFDQ,Robotics
B0D1YCQPHV,Robotics
B08CCDY94J,Robotics
B08ZK9KVHF,Robotics
B0CGQX6C88,Robotics
B07N7PY71F,Robotics
B0DKJ37KK4,Robotics
B0CW7HJJXZ,Robotics
B0D5GPLG9J,Robotics
B09ZG1QWCD,Robotics
B0DNXJ17TS,Robotics
B0DP4MCKPD,Robotics
B07PHLYTCS,Robotics
B0CLXJ8TLH,Robotics
B08CCD57FQ,Robotics
B0D4LRBQCT,Robotics
B00T3MQBU4,Robotics
B08CCNBC7W,Robotics
B0CJ9P2LKH,Robotics
B0BPPGNR96,Robotics
B0DLZPP3WJ,Robotics
B0DBG2YSSX,Robotics
B0D6RHJ66M,Robotics
B0D6Z64RF5,Robotics
B0D6R7JH2F,Robotics
B0DD7HJ334,Robotics
B0D7Q5M29N,Robotics
B0CX7VTV4J,Robotics
B09PKD8QZZ,Power Transmission Products
B01LZ1WS99,Power Transmission Products
B07DYF53ZN,Power Transmission Products
B07QFPKG9V,Power Transmission Products
B0BVTDP29W,Power Transmission Products
B000F09CF4,Power Transmission Products
B0953PZMS6,Power Transmission Products
B0CYYYZRV9,Power Transmission Products
B0BTNCJV47,Power Transmission Products
B0BLSDJWK1,Power Transmission Products
B07GTBPQ8N,Power Transmission Products
B0B4SHNBFF,Power Transmission Products
B08Y8N7FD1,Power Transmission Products
B0CP3SK6HV,Power Transmission Products
B092ZLR67B,Power Transmission Products
B088FC2KB8,Power Transmission Products
B0C24X55XR,Power Transmission Products
B07MWGF35D,Power Transmission Products
B08X6GB3JK,Power Transmission Products
B08M9PTYG5,Power Transmission Products
B07H7FQTZM,Power Transmission Products
B08ZSPJBNH,Power Transmission Products
B0B9BDRK25,Power Transmission Products
B077GNZK3J,Power Transmission Products
B09VZH6NS1,Power Transmission Products
B08QL31YVT,Power Transmission Products
B0BBQL2SN3,Power Transmission Products
B08SPZ4MHT,Power Transmission Products
B0BXDBTPVS,Power Transmission Products
B07L8N3CHG,Power Transmission Products
B08335MYGW,Power Transmission Products
B00MY8MLAI,Power Transmission Products
B07FVYPMPX,Power Transmission Products
B0879GGVPZ,Power Transmission Products
B07C9SZKW9,Power Transmission Products
B079L6DQFF,Power Transmission Products
B0BV1BZ4K3,Power Transmission Products
B07GSW5LQZ,Power Transmission Products
B0D6YM9GDB,Power Transmission Products
B08QZ4365D,Power Transmission Products
B08TC6ZB9V,Power Transmission Products
B008RG70L6,Power Transmission Products
B000RLMRD0,Power Transmission Products
B0B4JJ9KFL,Power Transmission Products
B09T93N359,Power Transmission Products
B07NPSZCK6,Power Transmission Products
B0CLGXN1D8,Power Transmission Products
B0BKT42T1H,Power Transmission Products
B07CMH961Z,Power Transmission Products
B008GUYZWK,Power Transmission Products
B081RJ8DW1,Science Education
B07QB79SN6,Science Education
B0CB5GHG3L,Science Education
B09P8JQWF4,Science Education
B07DVFBVPF,Science Education
B0728J19LW,Science Education
B07PV14HWF,Science Education
B083JRF1MH,Science Education
B0C2N6QCZR,Science Education
B09833MGRK,Science Education
0143110918,Science Education
B083JQBC1G,Science Education
B0DCVTJGCD,Science Education
B0D6G6R2P9,Science Education
B07PVMRZQH,Science Education
B0D5LFGR7J,Science Education
B095S4G6GC,Science Education
B0CP3RDV25,Science Education
B07GRN4H38,Science Education
B0953GG4RQ,Science Education
B09BCSKHTH,Science Education
B07J15P2N3,Science Education
B07WVT6Y7F,Science Education
B0C5Q4YKV9,Science Education
B09MRNM214,Science Education
B0C4KVQGCV,Science Education
B07FMBQQS1,Science Education
B0BYYY51HJ,Science Education
B0C2HB88D2,Science Education
B0CHVXQWWP,Science Education
B08PV34K36,Science Education
B09VPPS96M,Science Education
B001448KT4,Science Education
B00FHFV9AI,Science Education
B0CZLLBTKT,Science Education
B000UV6ZPS,Science Education
B0C771XMD2,Science Education
B08QFHXKL6,Science Education
B08G4Y6C65,Science Education
B07BCNHC3K,Science Education
B0DF7XZFTL,Science Education
B0CBQXHXX3,Science Education
B0007UQNNQ,Science Education
B0D1QBBSDX,Science Education
B08KYC267J,Science Education
B00XNYXQHE,Science Education
B0CBLN13YY,Science Education
B0DGL2RH8N,Science Education
B0D97JDB49,Science Education
B0CXPNMC7Z,Science Education
B07WG5B464,"Test, Measure & Inspect"
B0B71HFH9K,"Test, Measure & Inspect"
B01ISAMUA6,"Test, Measure & Inspect"
B0CTHWS8GX,"Test, Measure & Inspect"
B08Y8M54M9,"Test, Measure & Inspect"
B000EJ332O,"Test, Measure & Inspect"
B0D7CWD63N,"Test, Measure & Inspect"
B07QG3ZXQC,"Test, Measure & Inspect"
B07WP4165D,"Test, Measure & Inspect"
B000BQKXLE,"Test, Measure & Inspect"
B00275F5O2,"Test, Measure & Inspect"
B07DFFYCXS,"Test, Measure & Inspect"
B08YFD9ZJ3,"Test, Measure & Inspect"
B0C4V5LWWL,"Test, Measure & Inspect"
B0BN317X6Z,"Test, Measure & Inspect"
B0C2CNC624,"Test, Measure & Inspect"
B0837Z5PBJ,"Test, Measure & Inspect"
B0001GUE3G,"Test, Measure & Inspect"
B07VSHR9M6,"Test, Measure & Inspect"
B0BCYPJGTR,"Test, Measure & Inspect"
B08KTVGGR6,"Test, Measure & Inspect"
B0CFF8Z1NF,"Test, Measure & Inspect"
B07X8JQ8L5,"Test, Measure & Inspect"
B083FBRJPM,"Test, Measure & Inspect"
B06XX25HFX,"Test, Measure & Inspect"
B08MTTX66X,"Test, Measure & Inspect"
B002MPPYVQ,"Test, Measure & Inspect"
B0B97C4FWT,"Test, Measure & Inspect"
B07QB79SN6,"Test, Measure & Inspect"
B09C6MGD7J,"Test, Measure & Inspect"
B08GJ9XB5C,"Test, Measure & Inspect"
B07T58JMTJ,"Test, Measure & Inspect"
B000GSLKIW,"Test, Measure & Inspect"
B06XKMH86J,"Test, Measure & Inspect"
B0811PYS6T,"Test, Measure & Inspect"
B0C1LXSVSH,"Test, Measure & Inspect"
B09ZPB3FC7,"Test, Measure & Inspect"
B0D9CYGY7J,"Test, Measure & Inspect"
B09K4G8NX6,"Test, Measure & Inspect"
B0001GUE3Q,"Test, Measure & Inspect"
B07VTPJXH9,"Test, Measure & Inspect"
B0CB5GHG3L,"Test, Measure & Inspect"
B01HXM5UAC,"Test, Measure & Inspect"
B099SJ6469,"Test, Measure & Inspect"
B081MCBN67,"Test, Measure & Inspect"
B081SYZ1YV,"Test, Measure & Inspect"
B07BMWL4ST,"Test, Measure & Inspect"
B0CMCSGPJC,"Test, Measure & Inspect"
B07SZX8QXH,"Test, Measure & Inspect"
B09N3JTK8Y,"Test, Measure & Inspect"
B08MLDWN69,Professional Dental Supplies
B0BLJ68F9R,Professional Dental Supplies
B01GKA1MZA,Professional Dental Supplies
B0BQ1X8W2H,Professional Dental Supplies
B003CP12O8,Professional Dental Supplies
B01KZ6V00W,Professional Dental Supplies
B08C7HDF1F,Professional Dental Supplies
B01BNEWDFQ,Professional Dental Supplies
B076B8PX14,Professional Dental Supplies
B0C9MZRBR7,Professional Dental Supplies
B095Z5WQWM,Professional Dental Supplies
B0B5Y2G4HH,Professional Dental Supplies
B06XK2M3H3,Professional Dental Supplies
B09VK1RKM8,Professional Dental Supplies
B0CQPP74YV,Professional Dental Supplies
B07KYWVCP6,Professional Dental Supplies
B016790E7Q,Professional Dental Supplies
B01G7I9U2M,Professional Dental Supplies
B0CMW3X9ZK,Professional Dental Supplies
B0BHY6LDDY,Professional Dental Supplies
B002KAOAZ4,Professional Dental Supplies
B0BP8JJ8M6,Professional Dental Supplies
B00FT74D3E,Professional Dental Supplies
B09S6LHYYQ,Professional Dental Supplies
B0D99LHV6M,Professional Dental Supplies
B00H88H4Q0,Professional Dental Supplies
B0CN897JYB,Professional Dental Supplies
B0CGR1HWH3,Professional Dental Supplies
B01N3K8FCA,Professional Dental Supplies
B095Z5PKDJ,Professional Dental Supplies
B0CB1Y3ZQZ,Professional Dental Supplies
B079W912ZQ,Professional Dental Supplies
B0B9FB6ZTY,Professional Dental Supplies
B0BQ1N94FY,Professional Dental Supplies
B0CP62LWKP,Professional Dental Supplies
B01L4ND4O0,Professional Dental Supplies
B0195UTBKA,Professional Dental Supplies
B09HTXCM4J,Professional Dental Supplies
B08PWZCP1F,Professional Dental Supplies
B09WZRZQC9,Professional Dental Supplies
B07MZ7M2VF,Professional Dental Supplies
B09HH8SDR6,Professional Dental Supplies
B095Z57SV9,Professional Dental Supplies
B0B7S539BD,Professional Dental Supplies
B07PQYJBM3,Professional Dental Supplies
B00ZTJC26C,Professional Dental Supplies
B01KZOTTSO,Professional Dental Supplies
B0006PKIQA,Professional Dental Supplies
B08QWYMGRR,Professional Dental Supplies
B078HQ48JX,Professional Dental Supplies
B087N5N45G,"Test, Measure & Inspect"
B0BM5XZFWM,"Test, Measure & Inspect"
B0CSKSV2PP,"Test, Measure & Inspect"
B07ZQZ962K,"Test, Measure & Inspect"
B0C72RTK1C,"Test, Measure & Inspect"
B07TFXTQ57,"Test, Measure & Inspect"
B0BLZ7GN2X,"Test, Measure & Inspect"
B00DMI632G,"Test, Measure & Inspect"
B0B57L9FNL,"Test, Measure & Inspect"
B075MWVV4R,"Test, Measure & Inspect"
B08D8KFPV8,"Test, Measure & Inspect"
B0CGRZKT71,"Test, Measure & Inspect"
B0CJY5C9QX,"Test, Measure & Inspect"
B0873T6SGR,"Test, Measure & Inspect"
B08BLJM28J,"Test, Measure & Inspect"
B0DG6MRX14,"Test, Measure & Inspect"
B0DC5161BM,"Test, Measure & Inspect"
B09FK5QFTR,"Test, Measure & Inspect"
B088J9FV2T,"Test, Measure & Inspect"
B071JL6LLL,"Test, Measure & Inspect"
B0DCBNDD5B,"Test, Measure & Inspect"
B08ZNQRB39,"Test, Measure & Inspect"
B073VJPM4Z,"Test, Measure & Inspect"
B008BMCLNI,"Test, Measure & Inspect"
B0CKJXX4XR,"Test, Measure & Inspect"
B07VSVMWTJ,"Test, Measure & Inspect"
B07GNVFL5D,"Test, Measure & Inspect"
B085BDP24T,"Test, Measure & Inspect"
B0BPT7C3KW,"Test, Measure & Inspect"
B0BLHLQ6Y4,"Test, Measure & Inspect"
B00002PV66,"Test, Measure & Inspect"
B09RZQFGGH,"Test, Measure & Inspect"
B0B9BC4N2X,"Test, Measure & Inspect"
B08CX9W7G3,"Test, Measure & Inspect"
B084LKVBM5,"Test, Measure & Inspect"
B0B28HRSBP,"Test, Measure & Inspect"
B0D3TBJ9N7,"Test, Measure & Inspect"
B01CITP03W,"Test, Measure & Inspect"
B0CP538LN1,"Test, Measure & Inspect"
B07VYN98QV,"Test, Measure & Inspect"
B0DCZCBDR8,"Test, Measure & Inspect"
B0967ZP5B1,"Test, Measure & Inspect"
B085LPN71C,"Test, Measure & Inspect"
B0DGFBCH38,"Test, Measure & Inspect"
B0DHS718K8,"Test, Measure & Inspect"
B08669YYV7,"Test, Measure & Inspect"
B0CBBW7BCP,"Test, Measure & Inspect"
B0CQ755FYH,"Test, Measure & Inspect"
B07PGXSWF5,"Test, Measure & Inspect"
B000O3LUEI,"Test, Measure & Inspect"
B099DBW1PG,Raw Materials
B08BKKQRV2,Raw Materials
B09Y2ZGRRB,Raw Materials
B08FDLQJYZ,Raw Materials
B09ZSYX99P,Raw Materials
B0CNG84DR6,Raw Materials
B09QGJFM72,Raw Materials
B0BYSBGNYB,Raw Materials
B085KYBWBF,Raw Materials
B0D5HF358X,Raw Materials
B0CQYRMQLH,Raw Materials
B082XR2CQ3,Raw Materials
B08P55DXZ5,Raw Materials
B07C38PL2N,Raw Materials
B0BVXT5R9N,Raw Materials
B0CCMNPWGW,Raw Materials
B07Y65H3KT,Raw Materials
B0BFHFD54B,Raw Materials
B0BBQ8B41F,Raw Materials
B08F4Z9RRQ,Raw Materials
B0953PZMS6,Raw Materials
B0BMMFZY5M,Raw Materials
B09K9GYRHK,Raw Materials
B08R6XRYVD,Raw Materials
B0B5WV49MD,Raw Materials
B0B79QLYBQ,Raw Materials
B0CTJYBPZC,Raw Materials
B0BRD3SMXF,Raw Materials
B0CLXMHPKR,Raw Materials
B0BYCJ3RK7,Raw Materials
B000I1THDM,Raw Materials
B092LM1MCW,Raw Materials
B0BWFSRV42,Raw Materials
B0CJ26Q7L2,Raw Materials
B0CN1LJN11,Raw Materials
B08B3ZS1CS,Raw Materials
B08G511F8X,Raw Materials
B09GVB6ZM6,Raw Materials
B0044V0L8C,Raw Materials
B091GD9ZWW,Raw Materials
B0CL3SHG7P,Raw Materials
B0DD6PZ218,Raw Materials
B071GD8TG9,Raw Materials
B0C3M1WHRN,Raw Materials
B00EUROQUO,Raw Materials
B099DVY8BJ,Raw Materials
B0C8SFPY7B,Raw Materials
B097JQ3F1N,Raw Materials
B01N7MLF3D,Raw Materials
B0C85DGWLH,Raw Materials
B08TRTL71Z,Baby & Child Care
B01B4OB2FC,Baby & Child Care
B07C2BHFCN,Baby & Child Care
B01MY9A3HH,Baby & Child Care
B01D2NTLZG,Baby & Child Care
B000LTJRQ8,Baby & Child Care
B082QBB8KQ,Baby & Child Care
B016I2JUWM,Baby & Child Care
B0CT276J21,Baby & Child Care
B00WEBVM5U,Baby & Child Care
B07K2TKK26,Baby & Child Care
B08BFHYQC7,Baby & Child Care
B07LBFB84L,Baby & Child Care
B00BH0PZBG,Baby & Child Care
B01A6R2194,Baby & Child Care
B09M4BKYK2,Baby & Child Care
B00JF3RYPM,Baby & Child Care
B001B2PU7Y,Baby & Child Care
B0B9H62YYZ,Baby & Child Care
B08MT3D361,Baby & Child Care
B017GYO3I2,Baby & Child Care
B01HI7VY84,Baby & Child Care
B009R27JVU,Baby & Child Care
B0BGMGWP14,Baby & Child Care
B0C4VXPKGL,Baby & Child Care
B0B3CPC3KV,Baby & Child Care
B0795WF49L,Baby & Child Care
B08CP6F42J,Baby & Child Care
B00L3LAK7S,Baby & Child Care
B0CJK57PQ7,Baby & Child Care
B0C5Y32CGF,Baby & Child Care
B08NYPPQ85,Baby & Child Care
B0030UF6EW,Baby & Child Care
B00ZT38BIQ,Baby & Child Care
B00KFITCXS,Baby & Child Care
B07DGKWFJM,Baby & Child Care
B00BV47LQA,Baby & Child Care
B094ZC3D6Q,Baby & Child Care
B00821FLT4,Baby & Child Care
B08NGF3M6M,Baby & Child Care
B0CNSCVGPH,Baby & Child Care
B009F98SSS,Baby & Child Care
B073R1VT32,Baby & Child Care
B01NAFQIJ9,Baby & Child Care
B06Y281FK3,Baby & Child Care
B09BNZ57KX,Baby & Child Care
B0B4PNGXFS,Baby & Child Care
B014UQBA3A,Baby & Child Care
B0BN2DK5YX,Baby & Child Care
B07B956LNK,Baby & Child Care
B07DC8BR3B,Baby & Child Care
B07SCL613T,Baby & Child Care
B086LKQDJG,Baby & Child Care
B0BJ13K7FR,Baby & Child Care
B09NS5FJ6D,Baby & Child Care
B008KJEYLO,Baby & Child Care
B0824XNJSW,Baby & Child Care
B08QRKY3NJ,Baby & Child Care
B0CKV2ZL1Y,Baby & Child Care
B004QQ9LVS,Baby & Child Care
B08QR8X2N5,Baby & Child Care
B07SXBX1DM,Baby & Child Care
B00TJ6WLV2,Baby & Child Care
B08PX2V7PG,Baby & Child Care
B00ZQXT4EY,Baby & Child Care
B09NS3YCVS,Baby & Child Care
B0BJ13XWDD,Baby & Child Care
B09XSNNMPC,Baby & Child Care
B0839B4TQF,Baby & Child Care
B0BNK55QTC,Baby & Child Care
B0BJ14XCDV,Baby & Child Care
B005UEB96K,Baby & Child Care
B00569GU18,Baby & Child Care
B07ZK1573S,Baby & Child Care
B082VL6SH9,Baby & Child Care
B0070SKP1O,Baby & Child Care
B0BV91165N,Baby & Child Care
B07WCBD6YC,Baby & Child Care
B08QR6V8WR,Baby & Child Care
B075QQ8VZW,Baby & Child Care
B09HY9P5HW,Baby & Child Care
B073CLKNK3,Baby & Child Care
B07KGL6L56,Baby & Child Care
B0107QP1VE,Baby & Child Care
B011EVPAHG,Baby & Child Care
B0CHGCDYJJ,Baby & Child Care
B07MDRNL78,Baby & Child Care
B01613QBL6,Baby & Child Care
B07H1NLW4K,Baby & Child Care
B09MVMNW5M,Baby & Child Care
B0CGRB23YM,Baby & Child Care
B08899DKSV,Baby & Child Care
B0BQ1JN7MH,Baby & Child Care
B07NSBTZ22,Baby & Child Care
B07XMFVN95,Baby & Child Care
B0CG6YBBNY,Baby & Child Care
B0CTCPQ6N9,Baby & Child Care
B014G3M6I0,Baby & Child Care
B007RAGALO,Baby & Child Care
B00JF3S29Y,Baby & Child Care
B0BKGP4TC3,Raw Materials
B0BVG1SWRP,Raw Materials
B07MQTDF4R,Raw Materials
B0C711NBD6,Raw Materials
B0BPBTHJP1,Raw Materials
B0C5JCPSB4,Raw Materials
B0CNF19XKM,Raw Materials
B0CQLZ7XDK,Raw Materials
B09634W3JQ,Raw Materials
B0CL4G8SBC,Raw Materials
B0C7QWM3MW,Raw Materials
B09MFNLKWT,Raw Materials
B09V264RKB,Raw Materials
B076DMJKCS,Raw Materials
B000H5OL30,Raw Materials
B000H5W3PI,Raw Materials
B09SVGBM5G,Raw Materials
B0BKQRN7S6,Raw Materials
B0C4YXN9YJ,Raw Materials
B0DJRZ8LP2,Raw Materials
B0BFR8KLZL,Raw Materials
B0C5QWSSTX,Raw Materials
B0C5N1ZQ2R,Raw Materials
B0987L4WFR,Raw Materials
B0CRQXWQVW,Raw Materials
B003TP1ITU,Raw Materials
B0CC5755LR,Raw Materials
B0B23S2FZQ,Raw Materials
B0BXDBTPVS,Raw Materials
B08LTJJ5VD,Raw Materials
B0BX94RYW9,Raw Materials
B0B6HXW36J,Raw Materials
B0CHJF9GK7,Raw Materials
B01H4QN27A,Raw Materials
B0B429DZ7H,Raw Materials
B0CSYDQCDX,Raw Materials
B0CDW3JPYT,Raw Materials
B089VTMBCC,Raw Materials
B0CDPDQ4MW,Raw Materials
B0C2C3JC21,Raw Materials
B0CZ4FLCLL,Raw Materials
B0BF18PQJG,Raw Materials
B09YH1CFFW,Raw Materials
B0BPBRK3K1,Raw Materials
B0BC235JKT,Raw Materials
B0B7MDWGJR,Raw Materials
B0BM4JTVFX,Raw Materials
B06ZY83SZJ,Raw Materials
B0C3V3JCX9,Raw Materials
B0BLLNT831,Raw Materials
B09B8SV43D,Retail Store Fixtures & Equipment
B0CHM598ZQ,Retail Store Fixtures & Equipment
B073Z16GXC,Retail Store Fixtures & Equipment
B09FYRLZ64,Retail Store Fixtures & Equipment
B07PXLJ9MP,Retail Store Fixtures & Equipment
B088JGKW83,Retail Store Fixtures & Equipment
B0CJB3SDP8,Retail Store Fixtures & Equipment
B01MPY18P3,Retail Store Fixtures & Equipment
B0D65TB875,Retail Store Fixtures & Equipment
B07DV5YDTP,Retail Store Fixtures & Equipment
B0BM4QX8B5,Retail Store Fixtures & Equipment
B0CRDH745H,Retail Store Fixtures & Equipment
B0DNDS5FYD,Retail Store Fixtures & Equipment
B0C5M291T5,Retail Store Fixtures & Equipment
B0C29GRRCZ,Retail Store Fixtures & Equipment
B092JRBZXJ,Retail Store Fixtures & Equipment
B0C53MD1MS,Retail Store Fixtures & Equipment
B09HC8HT7V,Retail Store Fixtures & Equipment
B0CJCLX8JX,Retail Store Fixtures & Equipment
B0D37NF1BB,Retail Store Fixtures & Equipment
B07QKL454M,Retail Store Fixtures & Equipment
B01N1UZDC3,Retail Store Fixtures & Equipment
B096W1TD6G,Retail Store Fixtures & Equipment
B0C5DPRYX5,Retail Store Fixtures & Equipment
B07HFLT6MF,Retail Store Fixtures & Equipment
B07JGDTX4P,Retail Store Fixtures & Equipment
B0BPB6MPND,Retail Store Fixtures & Equipment
B0993BSXMH,Retail Store Fixtures & Equipment
B08XVSXWK8,Retail Store Fixtures & Equipment
B0DJS8JN64,Retail Store Fixtures & Equipment
B0DKJNNBNK,Retail Store Fixtures & Equipment
B0BF9PTXZL,Retail Store Fixtures & Equipment
B0BRQ9XVPC,Retail Store Fixtures & Equipment
B0B7X9SMMG,Retail Store Fixtures & Equipment
B0B69RSSYN,Retail Store Fixtures & Equipment
B07Y3BX6FN,Retail Store Fixtures & Equipment
B0CND59NQR,Retail Store Fixtures & Equipment
B09F9NXRYQ,Retail Store Fixtures & Equipment
B01N1V9BNS,Retail Store Fixtures & Equipment
B0CQ85MF57,Retail Store Fixtures & Equipment
B07RRBH8MW,Retail Store Fixtures & Equipment
B07N83CNVP,Retail Store Fixtures & Equipment
B09YH7PDL8,Retail Store Fixtures & Equipment
B01N9PZ5CK,Retail Store Fixtures & Equipment
B09B95K827,Retail Store Fixtures & Equipment
B07V3HLBVF,Retail Store Fixtures & Equipment
B0DL9YVY3Q,Retail Store Fixtures & Equipment
B07QQHC9XP,Retail Store Fixtures & Equipment
B09D8P9GT1,Retail Store Fixtures & Equipment
B09D8P5DCJ,Retail Store Fixtures & Equipment
B084HQ4DYQ,Diet & Sports Nutrition
B00GL2HMES,Diet & Sports Nutrition
B002DYIZH6,Diet & Sports Nutrition
B00DLDH1N2,Diet & Sports Nutrition
B01IT9NLHW,Diet & Sports Nutrition
B002DYIZEO,Diet & Sports Nutrition
B00MNXGSAI,Diet & Sports Nutrition
B08XQZX9K3,Diet & Sports Nutrition
B08KWGDMJW,Diet & Sports Nutrition
B06ZZ3PJQD,Diet & Sports Nutrition
B099J2SWXV,Diet & Sports Nutrition
B0BQ4G7LY8,Diet & Sports Nutrition
B0BFPFBGGC,Diet & Sports Nutrition
B09GLBLPYG,Diet & Sports Nutrition
B00E9M4XFI,Diet & Sports Nutrition
B006P536E6,Diet & Sports Nutrition
B00DJUK8HS,Diet & Sports Nutrition
B00J074W7Q,Diet & Sports Nutrition
B002NPCMJC,Diet & Sports Nutrition
B01IIGQ5KG,Diet & Sports Nutrition
B07978VPPH,Diet & Sports Nutrition
B008O47SI6,Diet & Sports Nutrition
B0BJLBLQG8,Diet & Sports Nutrition
B00DLWONF2,Diet & Sports Nutrition
B0791Y2LMB,Diet & Sports Nutrition
B07PXNNFGT,Diet & Sports Nutrition
B097QF7HVH,Diet & Sports Nutrition
B0CXPWMSX6,Diet & Sports Nutrition
B09BC7V1JJ,Diet & Sports Nutrition
B09BD8GZ8L,Diet & Sports Nutrition
B07TL6PNLH,Diet & Sports Nutrition
B0BPK32N5S,Diet & Sports Nutrition
B0BDP24LP4,Diet & Sports Nutrition
B00J074W94,Diet & Sports Nutrition
B000Z9361G,Diet & Sports Nutrition
B00ISAPPLI,Diet & Sports Nutrition
B09WCWK8LM,Diet & Sports Nutrition
B00BKL4KKY,Diet & Sports Nutrition
B0D2PFN3NX,Diet & Sports Nutrition
B07TPYQHS9,Diet & Sports Nutrition
B00FOTMGTU,Diet & Sports Nutrition
B00CX3ASFE,Diet & Sports Nutrition
B002GU5YCQ,Diet & Sports Nutrition
B0DKJWGQPM,Diet & Sports Nutrition
B002U7YZXY,Diet & Sports Nutrition
B07FHPGS4V,Diet & Sports Nutrition
B078KCYLZF,Diet & Sports Nutrition
B07GPGQJR4,Diet & Sports Nutrition
B07ZZCDZST,Diet & Sports Nutrition
B071JG5QYT,Diet & Sports Nutrition
B0D7Q5M29N,Robotics
B0DD7HJ334,Robotics
B0C61R3GPV,Robotics
B0CX7VTV4J,Robotics
B0DHY6WT53,Robotics
B0DN51R7CV,Robotics
B094FDWQW6,Robotics
B0DJ3382KR,Robotics
B0D66HMX9W,Robotics
B09X6ZBRCB,Robotics
B0D7C5MNFS,Robotics
B0D84HZXR4,Robotics
B0C781VGYY,Robotics
B0CZ18NV26,Robotics
B0C1B68993,Robotics
B0B44PQZN7,Robotics
B09C7TK9Y9,Robotics
B0CLTNSFJL,Robotics
B08F5HYRRX,Robotics
B0CVVVCLQV,Robotics
B0DRV5BJX8,Robotics
B08395M7TF,Robotics
B0BW81XML8,Robotics
B0C4XKZHNP,Robotics
B07KZ5647V,Robotics
B0BZ4S1JT8,Robotics
B0CRYGD1MC,Robotics
B0DN11V1CB,Robotics
B0D65LL5DB,Robotics
B0C86BC1SC,Robotics
B0C5CVFL9G,Robotics
B0DHZWVLH9,Robotics
B07QPBCBWG,Robotics
B0C9LD2Z42,Robotics
B0BK7GZQ5N,Robotics
B07JKGZ6DX,Robotics
B00R56PDJU,Robotics
B0CQC2WTRT,Robotics
B08N5H4DGD,Robotics
B08Q7XZVR4,Robotics
B08H2F29CJ,Robotics
B0D8ZGM459,Robotics
B07NKN9G1H,Robotics
B0CGN7Y2D9,Robotics
B0C1RMB73D,Robotics
B09NCN26MG,Robotics
B0DT71X5BT,Robotics
B0DP5NFJSY,Robotics
B0DJW1V8R5,Robotics
B083JHCCV2,Professional Dental Supplies
B003K01BMI,Professional Dental Supplies
B00GS8W3T4,Professional Dental Supplies
B00IRKRK9O,Professional Dental Supplies
B0BLWLL3FV,Professional Dental Supplies
B09F8FZ18G,Professional Dental Supplies
B0C9S5PMSD,Professional Dental Supplies
B082F1QH7S,Professional Dental Supplies
B09JHSVM58,Professional Dental Supplies
B0B5Y7KCS8,Professional Dental Supplies
B005PLQIQ4,Professional Dental Supplies
B085YL4HR7,Professional Dental Supplies
B01BNHREXE,Professional Dental Supplies
B00JUJ1E0W,Professional Dental Supplies
B0D1K22GLN,Professional Dental Supplies
B08XNHCQCG,Professional Dental Supplies
B0758F8KDC,Professional Dental Supplies
B00UB7BO16,Professional Dental Supplies
B013OKRGWW,Professional Dental Supplies
B00CC6XSRC,Professional Dental Supplies
B0BTTC9FLT,Professional Dental Supplies
B0BVFXGMLW,Professional Dental Supplies
B07C1ZQ5ZY,Professional Dental Supplies
B0BTTCFLZ8,Professional Dental Supplies
B08MFWB9DY,Professional Dental Supplies
B08Y98BVDM,Professional Dental Supplies
B0BLX8VSCH,Professional Dental Supplies
B003N2DXPG,Professional Dental Supplies
B000YJU21O,Professional Dental Supplies
B07JYNPTMG,Professional Dental Supplies
B00WOSEKP2,Professional Dental Supplies
B07ZK1573S,Professional Dental Supplies
B001ET76AI,Professional Dental Supplies
B0C86LZNWQ,Professional Dental Supplies
B07FLBBWJR,Professional Dental Supplies
B09P44Q558,Professional Dental Supplies
B00N5XRYTE,Professional Dental Supplies
B0C959QCJB,Professional Dental Supplies
B096T141KR,Professional Dental Supplies
B082BF4TYW,Professional Dental Supplies
B01LTHYWB0,Professional Dental Supplies
B01NBRH9TF,Professional Dental Supplies
B0CGQZF1YT,Professional Dental Supplies
B0126XBQK6,Professional Dental Supplies
B005IHSPLQ,Professional Dental Supplies
B074W58X3F,Professional Dental Supplies
B0054J2GDQ,Professional Dental Supplies
B0C881GLNM,Professional Dental Supplies
B00H88K9EE,Professional Dental Supplies
B08MLDWN69,Professional Dental Supplies
B07MHJFRBJ,House Supplies
B00MNV8E0C,House Supplies
B07BGLT25K,House Supplies
B095CN96JS,House Supplies
B00LH3DMUO,House Supplies
B01BZ0LXL8,House Supplies
B0798DVT68,House Supplies
B01NAPQ4QP,House Supplies
B09NW81TH8,House Supplies
B09NW83XJ2,House Supplies
B0C2CY22B8,House Supplies
B09BWFX1L6,House Supplies
B00HSC9F2C,House Supplies
B07ND3WR64,House Supplies
B09YKYV9N9,House Supplies
B00C91Q86I,House Supplies
B0CV4FQPY1,House Supplies
B01EIG6A4Q,House Supplies
B0CQMJFR1S,House Supplies
B0035LCFNQ,House Supplies
B01NGTV4J5,House Supplies
B00W5D1MDE,House Supplies
B0CM4NXMV2,House Supplies
B093X8QQ12,House Supplies
B07F246YG1,House Supplies
B095KCG1Q2,House Supplies
B009108SGS,House Supplies
B074CRK54X,House Supplies
B0CDZJ9JJC,House Supplies
B08F7BSLNW,House Supplies
B0CKK43XXS,House Supplies
B08DVFZTTG,House Supplies
B0CM5C15ZD,House Supplies
B074CR89QG,House Supplies
B095PQ6SX7,House Supplies
B071D4DKTZ,House Supplies
B09RSC2JT3,House Supplies
B08GF7YGCD,House Supplies
B09YKRZR22,House Supplies
B07T9MBNTT,House Supplies
B003FULBQ4,House Supplies
B0CL7N32TM,House Supplies
B0BBQ8S9VK,House Supplies
B0BJMV9BXJ,House Supplies
B01N6BP63M,House Supplies
B093WPZF1Y,House Supplies
B003TS2R1A,House Supplies
B07YD3KQ5S,House Supplies
B085V5PPP8,House Supplies
B0CCGJ1DY8,House Supplies
B0CPVH11Z6,Science Education
B078TFD6BQ,Science Education
B001TI9Y2M,Science Education
B088MJPSB8,Science Education
B0CB8XS3PP,Science Education
B0D87TT915,Science Education
B00T3BJJK4,Science Education
B0B31G9B8D,Science Education
B0BB74HDKZ,Science Education
B00MLS3PWO,Science Education
B0CBTPB71M,Science Education
B0CF4DS7KL,Science Education
B08MXSQQSD,Science Education
B0C7S6ZNYT,Science Education
B0194AHV6C,Science Education
B0B2JLQWXQ,Science Education
B00AM5XB5O,Science Education
B000GUFOC8,Science Education
B0CPTTMW9Q,Science Education
B07P79KYSZ,Science Education
B07NMBP6CJ,Science Education
B071X5JYXV,Science Education
B0BQ2S2N6B,Science Education
B000MLHMAS,Science Education
B08K7FGY9Q,Science Education
B0B1QTSDFH,Science Education
B07P8VF26X,Science Education
B0C5YHM17G,Science Education
B07BCK7QXC,Science Education
B0936FPHL8,Science Education
B0BQPRC853,Science Education
B016PHFVIW,Science Education
B0006PKZ1I,Science Education
B0BJ2XZ7W7,Science Education
B0DFBT2FV5,Science Education
B0D1XJ1XFS,Science Education
B00Y1ZDK5W,Science Education
B0D2D1Z7D7,Science Education
B0B62VF2KB,Science Education
B0DPC1NB41,Science Education
B0C4N99FGY,Science Education
B0CLB9L2J9,Science Education
B09W8NJDPZ,Science Education
B09J1N848B,Science Education
B081YP5JVC,Science Education
B0CJLBXSWC,Science Education
B0CCD9S3WL,Science Education
B077TLGP58,Science Education
B0055DZ3EK,Science Education
B002WEMC0S,Science Education
B01C5QS1T8,Medical Supplies & Equipment
B01N1UX8RW,Medical Supplies & Equipment
B01HI1W1V4,Medical Supplies & Equipment
B08XNHCQCG,Medical Supplies & Equipment
B0CHXY8WQW,Medical Supplies & Equipment
B01AVDVHTI,Medical Supplies & Equipment
B08JGP1WYM,Medical Supplies & Equipment
B07PQ8WTC4,Medical Supplies & Equipment
B09MVDZKC2,Medical Supplies & Equipment
B095YJW56C,Medical Supplies & Equipment
B08B8BDG42,Medical Supplies & Equipment
B06XQ9NQPQ,Medical Supplies & Equipment
B0BQJ2XZWF,Medical Supplies & Equipment
B0BF9YHRFM,Medical Supplies & Equipment
B085G9541S,Medical Supplies & Equipment
B00DOJG6RA,Medical Supplies & Equipment
B00NCRE4GO,Medical Supplies & Equipment
B07794YMY7,Medical Supplies & Equipment
B00ZO4WW7Q,Medical Supplies & Equipment
B07BK4PXF7,Medical Supplies & Equipment
B01EBDV9BU,Medical Supplies & Equipment
B08DLXZKF7,Medical Supplies & Equipment
B082XKFYLJ,Medical Supplies & Equipment
B08C7HDF1F,Medical Supplies & Equipment
B001KYVO78,Medical Supplies & Equipment
B071RRHYJ8,Medical Supplies & Equipment
B06Y2FFQB9,Medical Supplies & Equipment
B0DN5ZMQ51,Medical Supplies & Equipment
B09Z61G77L,Medical Supplies & Equipment
B08B7V2RG3,Medical Supplies & Equipment
B07RX2J294,Medical Supplies & Equipment
B07S9PTLNZ,Medical Supplies & Equipment
B088C3GF9T,Medical Supplies & Equipment
B001OK1YUA,Medical Supplies & Equipment
B07BZ4KNKL,Medical Supplies & Equipment
B0C82QD5BB,Medical Supplies & Equipment
B09F6SNKT4,Medical Supplies & Equipment
B07ZNWH48K,Medical Supplies & Equipment
B000052XHI,Medical Supplies & Equipment
B08XXF1VCS,Medical Supplies & Equipment
B0CGLQ8XNN,Medical Supplies & Equipment
B07QSFJ8S2,Medical Supplies & Equipment
B0BFRTM2R5,Medical Supplies & Equipment
B08CR9GRM1,Medical Supplies & Equipment
B097YVXG3X,Medical Supplies & Equipment
B01N3K8FCA,Medical Supplies & Equipment
B0D9LVRKZY,Medical Supplies & Equipment
B08HPQVJMW,Medical Supplies & Equipment
B071G33DC1,Medical Supplies & Equipment
B09CL246NW,Medical Supplies & Equipment
B01BZ0LXL8,Sales & Deals
B00HSC9F2C,Sales & Deals
B000GISTZ4,Sales & Deals
B00DLDH1N2,Sales & Deals
B00GB85JR4,Sales & Deals
B0078W0QOI,Sales & Deals
B01HI7WP0U,Sales & Deals
B00Y8MP4G6,Sales & Deals
B003FULBQ4,Sales & Deals
B002DYIZEO,Sales & Deals
B000NPYY04,Sales & Deals
B01NGTV4J5,Sales & Deals
B00016RL9G,Sales & Deals
B004RR1FF6,Sales & Deals
B00DJUK8HS,Sales & Deals
B01N6BP63M,Sales & Deals
B010NE2XPC,Sales & Deals
B00U2T6SQ4,Sales & Deals
B000BD0RT0,Sales & Deals
B002NPCMJC,Sales & Deals
B007L0DPE0,Sales & Deals
B009SZXM4E,Sales & Deals
B004QQ9LVS,Sales & Deals
B00H5PJ0HW,Sales & Deals
B01MTPCPLS,Sales & Deals
B00006IDL6,Sales & Deals
B00MH4QM1S,Sales & Deals
B004U3Y8OM,Sales & Deals
B00DLWONF2,Sales & Deals
B00MNXGSAI,Sales & Deals
B003H03SDQ,Sales & Deals
B001F71XAI,Sales & Deals
B000ST1DZO,Sales & Deals
B00DYSUQR2,Sales & Deals
B001ECQ778,Sales & Deals
B008O47SI6,Sales & Deals
B01DCG0GPC,Sales & Deals
B001F0RBT2,Sales & Deals
B002QO00YO,Sales & Deals
B003CT2YQY,Sales & Deals
B01BMDAVIY,Sales & Deals
B005UEB96K,Sales & Deals
B0072F8D7S,Sales & Deals
B01M7VGCTI,Sales & Deals
B012RFVHSO,Sales & Deals
B00BFUSDO4,Sales & Deals
B001TH7K0G,Sales & Deals
B010OVNPEW,Sales & Deals
B000Z9361G,Sales & Deals
B0035G078Q,Sales & Deals
B0BRMYHMS5,Personal Care
B01N1LL62W,Personal Care
B0107QPFBU,Personal Care
B01N7T7JKJ,Personal Care
B00F97FHAW,Personal Care
B0054LHI5A,Personal Care
B00JUJ1E0W,Personal Care
B07GB3NVN1,Personal Care
B01MDTVZTZ,Personal Care
B0C7W6GW8P,Personal Care
B098NSHBQK,Personal Care
B00027DMSI,Personal Care
B0DGTMR754,Personal Care
B082QB23YG,Personal Care
B08V3JGB1F,Personal Care
B075WWYBJ7,Personal Care
B07DY2QRF6,Personal Care
B08CQ9T6KN,Personal Care
B078BF27BF,Personal Care
B0D1K22GLN,Personal Care
B072J2ZBPY,Personal Care
B086K2KMNR,Personal Care
B0758F8KDC,Personal Care
B0BXTS6L35,Personal Care
B01GNVF8S8,Personal Care
B00UB7BO16,Personal Care
B01M4MCUAF,Personal Care
B091NJQ29P,Personal Care
B00AHAWWO0,Personal Care
B0BK2SC18T,Personal Care
B0CLX1HQ17,Personal Care
B08WYXNVQ7,Personal Care
B01N004WAJ,Personal Care
B09SGK9FWZ,Personal Care
B002MSN3QQ,Personal Care
B00X4L6T20,Personal Care
B001459IEE,Personal Care
B013OKRGWW,Personal Care
B0BVV8BNYJ,Personal Care
B000NWGCZ2,Personal Care
B00CC6XSRC,Personal Care
B07VRFC3Y7,Personal Care
B07P5TMHD9,Personal Care
B06XDCPYYL,Personal Care
B0BTTC9FLT,Personal Care
B09XSNNMPC,Personal Care
B07NJQ9RRG,Personal Care
B0009EILKS,Personal Care
B00TPRG5D0,Personal Care
B09V7Z4TJG,Personal Care
B075SN1MY9,Sexual Wellness
B0735Q681B,Sexual Wellness
B00ZCMD9K4,Sexual Wellness
B0161J28AI,Sexual Wellness
B00NKMY5E2,Sexual Wellness
B000CLTYCW,Sexual Wellness
B00KDHSAAM,Sexual Wellness
B0D6GF9Q14,Sexual Wellness
B0073RBUZ2,Sexual Wellness
B09MR5DKVT,Sexual Wellness
B000PRA724,Sexual Wellness
B07HBBKY1G,Sexual Wellness
B0DBWQH8N1,Sexual Wellness
B017YWRVT4,Sexual Wellness
B07M6RRWPD,Sexual Wellness
B0D8R1MBBP,Sexual Wellness
B0C6MR7DFZ,Sexual Wellness
B07QBR7XWK,Sexual Wellness
B00OCZKR2A,Sexual Wellness
B0CJYJYP65,Sexual Wellness
B0C4GZ7CC4,Sexual Wellness
B0946VTR1Y,Sexual Wellness
B0CSPP85F5,Sexual Wellness
B07YW5DZBQ,Sexual Wellness
B06XJ29X2R,Sexual Wellness
B0CPSZCJR8,Sexual Wellness
B0CDMV4DD8,Sexual Wellness
B07ZS82MY1,Sexual Wellness
B08KFMJVMN,Sexual Wellness
B09MSB57JD,Sexual Wellness
B0073RKL2U,Sexual Wellness
B00UG9MHJ2,Sexual Wellness
B0DDL3X6PF,Sexual Wellness
B0BB1VX77W,Sexual Wellness
B0CZVM1SX7,Sexual Wellness
B0BPZLZYBT,Sexual Wellness
B004WDRCTI,Sexual Wellness
B000NYZONG,Sexual Wellness
B0083HLPLA,Sexual Wellness
B0CF97B6Q9,Sexual Wellness
B0BNHVM4C8,Sexual Wellness
B0D3G23NW6,Sexual Wellness
B004382GWK,Sexual Wellness
B07MDWYVFZ,Sexual Wellness
B0C9QLTS1B,Sexual Wellness
B0073RAL3O,Sexual Wellness
B0BXGZ527Q,Sexual Wellness
B01LNH759W,Sexual Wellness
B071CPR2V4,Sexual Wellness
B07SQ48736,Sexual Wellness
B000RDZFZ0,Health Care
B074F145Y1,Health Care
B0BLGQGTRG,Health Care
B09W363MVD,Health Care
B01M1BLRC1,Health Care
B0072K2BMG,Health Care
B00MOJTHGS,Health Care
B074ZHK96H,Health Care
B000QWLOZW,Health Care
B07PS3T5LS,Health Care
B07FCNW3JK,Health Care
B09NRYCNDC,Health Care
B0D3V61JC8,Health Care
B0077VYSYY,Health Care
B0BJMQBSKJ,Health Care
B01NAX7KC7,Health Care
B002GU5YCQ,Health Care
B00006J3G2,Health Care
B07CF8C4VX,Health Care
B09M867HRP,Health Care
B005GECIAU,Health Care
B084ZMMVQS,Health Care
B07258JQ9M,Health Care
B007QVLWS0,Health Care
B00G8DDBOU,Health Care
B0036B8QL0,Health Care
B007BF7BUY,Health Care
B09S3YKW1M,Health Care
B0BQJ2XZWF,Health Care
B01AB4U6PI,Health Care
B00ANL4Z4I,Health Care
B00TU5P33K,Health Care
B095HXWD9Z,Health Care
B074F19XB8,Health Care
B074F2GP3K,Health Care
B06XS38XH6,Health Care
B00KXUW72G,Health Care
B00NJNJ6O6,Health Care
B000WAWN8K,Health Care
B09B7P6SN7,Health Care
B00DOJG6RA,Health Care
B00U0NJF12,Health Care
B00VFYYAC4,Health Care
B007ADOL28,Health Care
B09TD27BR5,Health Care
B08V8BL7WF,Health Care
B001LFFPT4,Health Care
B0DGYR71X1,Health Care
B07MDZXPSK,Health Care
B08H4M2SD6,Health Care
B01NAQD0KD,House Supplies
B0748J34WZ,House Supplies
B0CCGJ1DY8,House Supplies
B0BSNXFDML,House Supplies
B00QIT9NDW,House Supplies
B01BUNHFAS,House Supplies
B07G3YXPXQ,House Supplies
B00C9SOB1K,House Supplies
B01NCJSM2T,House Supplies
B00WSWGVZQ,House Supplies
B004K95PBQ,House Supplies
B0BJW11NVL,House Supplies
B0CYDBCSR7,House Supplies
B01DCG0GPC,House Supplies
B00DU5SRIY,House Supplies
B0CF3BDBL2,House Supplies
B0C35Z66QV,House Supplies
B07Q5VHD6V,House Supplies
B0C2CZJ1TK,House Supplies
B0787K2XWZ,House Supplies
B09RTVN5GN,House Supplies
B0BDJ9M1TN,House Supplies
B00MH4QI26,House Supplies
B0C8XBKZYG,House Supplies
B0B9YVG4LR,House Supplies
B0BNWF3PGX,House Supplies
B0CJRM936N,House Supplies
B0CTS8VQ85,House Supplies
B0CTD3M2HD,House Supplies
B09KTQMMCM,House Supplies
B09RTVD1GF,House Supplies
B00U2T6SQ4,House Supplies
B00Q70RCW6,House Supplies
B093CKHPKK,House Supplies
B0BTDQLMGV,House Supplies
B0CTD36YKK,House Supplies
B0CTKTPKV8,House Supplies
B093WMWKBP,House Supplies
B08QTXPR9G,House Supplies
B0CTKR5278,House Supplies
B0CKV7B49Z,House Supplies
B0BBPNPZTC,House Supplies
B00HG1GGGS,House Supplies
B0BVY2XKJX,House Supplies
B0BFFNZLYY,House Supplies
B0BNWF9YPL,House Supplies
B07G7KRQQ5,House Supplies
B09M5XF6JV,House Supplies
B0BSNXN4YX,House Supplies
B09JGPVMBB,House Supplies
B08KG7S2FT,Stationery & Gift Wrapping Supplies
B09VD4QRPS,Stationery & Gift Wrapping Supplies
B09N18VKXY,Stationery & Gift Wrapping Supplies
B091GNB79S,Stationery & Gift Wrapping Supplies
B0CCD11L4N,Stationery & Gift Wrapping Supplies
B0CF8QL9M3,Stationery & Gift Wrapping Supplies
B0B5G7RGT9,Stationery & Gift Wrapping Supplies
B08ZSK7Z4M,Stationery & Gift Wrapping Supplies
B01MTX5DHH,Stationery & Gift Wrapping Supplies
B0CXJBW5H5,Stationery & Gift Wrapping Supplies
B09KLX859Y,Stationery & Gift Wrapping Supplies
B0CMCR6GPN,Stationery & Gift Wrapping Supplies
B0CM5ZVZ5H,Stationery & Gift Wrapping Supplies
B01N6JRIKS,Stationery & Gift Wrapping Supplies
B0CSCY345K,Stationery & Gift Wrapping Supplies
B07VT5Q88R,Stationery & Gift Wrapping Supplies
B0CKMNPBL2,Stationery & Gift Wrapping Supplies
B0B1YTNZ45,Stationery & Gift Wrapping Supplies
B099WMWBGK,Stationery & Gift Wrapping Supplies
B07HFLT8ZL,Stationery & Gift Wrapping Supplies
B0851X2VXF,Stationery & Gift Wrapping Supplies
B09DSCK7PC,Stationery & Gift Wrapping Supplies
B0B69KDJ1H,Stationery & Gift Wrapping Supplies
B09WXZ383C,Stationery & Gift Wrapping Supplies
B01NGYQ5LS,Stationery & Gift Wrapping Supplies
B01NGYPL0H,Stationery & Gift Wrapping Supplies
B0CM3FKPW8,Stationery & Gift Wrapping Supplies
B08Y97F121,Stationery & Gift Wrapping Supplies
B0CP684RXL,Stationery & Gift Wrapping Supplies
B0CRYRWFTG,Stationery & Gift Wrapping Supplies
B01MZ2ONRY,Stationery & Gift Wrapping Supplies
B09VDPSRSH,Stationery & Gift Wrapping Supplies
B00EVMVML4,Stationery & Gift Wrapping Supplies
B0C7QHF6RP,Stationery & Gift Wrapping Supplies
B0BKZ6TBVX,Stationery & Gift Wrapping Supplies
B07CTSSH3M,Stationery & Gift Wrapping Supplies
B097R3CK5X,Stationery & Gift Wrapping Supplies
B0BKXPJR8F,Stationery & Gift Wrapping Supplies
B09B8P68FN,Stationery & Gift Wrapping Supplies
B098H6535Q,Stationery & Gift Wrapping Supplies
B08GG1P4Y3,Stationery & Gift Wrapping Supplies
B078249Y7C,Stationery & Gift Wrapping Supplies
B0BHCFPQ55,Stationery & Gift Wrapping Supplies
B0868M9MFP,Stationery & Gift Wrapping Supplies
B073J4RS9C,Stationery & Gift Wrapping Supplies
B0C4HCWVZQ,Stationery & Gift Wrapping Supplies
B0CLKK77J3,Stationery & Gift Wrapping Supplies
B083DJV99N,Stationery & Gift Wrapping Supplies
B09B8SV43D,Stationery & Gift Wrapping Supplies
B0CHM598ZQ,Stationery & Gift Wrapping Supplies
B083JHCCV2,Oral Care
B003K01BMI,Oral Care
B00IRKRK9O,Oral Care
B0BLWLL3FV,Oral Care
B09F8FZ18G,Oral Care
B09LD8T445,Oral Care
B093TSRPQM,Oral Care
B0BG52SJ5N,Oral Care
B082F1QH7S,Oral Care
B09JHSVM58,Oral Care
B01LAY47D0,Oral Care
B00495Q5OW,Oral Care
B085YL4HR7,Oral Care
B005PLQIQ4,Oral Care
B01BNHREXE,Oral Care
B00JUJ1E0W,Oral Care
B075WWYBJ7,Oral Care
B078BF27BF,Oral Care
B0D1K22GLN,Oral Care
B0758F8KDC,Oral Care
B01GNVF8S8,Oral Care
B00UB7BO16,Oral Care
B00AHAWWO0,Oral Care
B0BK2SC18T,Oral Care
B00X4L6T20,Oral Care
B013OKRGWW,Oral Care
B00CC6XSRC,Oral Care
B0BTTC9FLT,Oral Care
B09XSNNMPC,Oral Care
B0BVFXGMLW,Oral Care
B07C1ZQ5ZY,Oral Care
B072YVWBXH,Oral Care
B0BTTCFLZ8,Oral Care
B000QXH4PK,Oral Care
B08MFWB9DY,Oral Care
B003N2DXPG,Oral Care
B0BLX8VSCH,Oral Care
B0CQY7XS6N,Oral Care
B000YJU21O,Oral Care
B07JYNPTMG,Oral Care
B00WOSEKP2,Oral Care
B07GGDRPNF,Oral Care
B07ZK1573S,Oral Care
B001ET76AI,Oral Care
B082VL6SH9,Oral Care
B077YCC84H,Oral Care
B0C86LZNWQ,Oral Care
B09P44Q558,Oral Care
B07FLBBWJR,Oral Care
B00N5XRYTE,Oral Care
B074PVTPBW,Personal Care
B083JHCCV2,Personal Care
B07PBXXNCY,Personal Care
B014E2D6BY,Personal Care
B08KT2Z93D,Personal Care
B00U2VQZDS,Personal Care
B003K01BMI,Personal Care
B0B2RM68G2,Personal Care
B081KL2QYJ,Personal Care
B09MFMCTRK,Personal Care
B01N9SPQHQ,Personal Care
B071914GGL,Personal Care
B00MEDOY2G,Personal Care
B00TTD9BRC,Personal Care
B00IRKRK9O,Personal Care
B0DBRVHR38,Personal Care
B07RK4HST7,Personal Care
B01MSSDEPK,Personal Care
B00SK71SAG,Personal Care
B07MFMWFYL,Personal Care
B0BLWLL3FV,Personal Care
B09F8FZ18G,Personal Care
B0BX2TZZWG,Personal Care
B09LD8T445,Personal Care
B093TSRPQM,Personal Care
B00949CTQQ,Personal Care
B0CM2PPNMW,Personal Care
B0BG52SJ5N,Personal Care
B07L1PHSY9,Personal Care
B0787GLBMV,Personal Care
B01HTJTMF8,Personal Care
B0BBSP2JNQ,Personal Care
B00PBX3L7K,Personal Care
B00SNPCSUY,Personal Care
B01MYEZPC8,Personal Care
B079FV6PRH,Personal Care
B0060OUV5Y,Personal Care
B0C3WMPXN8,Personal Care
B082F1QH7S,Personal Care
B00365DABC,Personal Care
B01N34XW93,Personal Care
B01LAY47D0,Personal Care
B09JHSVM58,Personal Care
B0B5Y7KCS8,Personal Care
B005PLQIQ4,Personal Care
B085YL4HR7,Personal Care
B08BW46XXK,Personal Care
B0BRMYHMS5,Personal Care
B01BNHREXE,Personal Care
B003QXZWYW,Personal Care
B0077VYSYY,Sales & Deals
B00CX3ASFE,Sales & Deals
B002GU5YCQ,Sales & Deals
B00569GU18,Sales & Deals
B00DS5BGDY,Sales & Deals
B0016KITZ6,Sales & Deals
B006QQRY2O,Sales & Deals
B0055OUOQQ,Sales & Deals
B000ARPVIY,Sales & Deals
B007L0DONW,Sales & Deals
B0002RID4G,Sales & Deals
B01AB4U6PI,Sales & Deals
B01BZ0N69U,Sales & Deals
B00TU5P33K,Sales & Deals
B003PGJLRO,Sales & Deals
B0036B8QL0,Sales & Deals
B00C9SOB1K,Sales & Deals
B00ANL4Z4I,Sales & Deals
B000GCQ8X0,Sales & Deals
B008GC9T6A,Sales & Deals
B001GI94SO,Sales & Deals
B001LFFPT4,Sales & Deals
B01MRI9H1G,Sales & Deals
B0043P0GRA,Sales & Deals
B0000AN9L7,Sales & Deals
B00006J3G2,Sales & Deals
B0010NSC1U,Sales & Deals
B012CFJFOW,Sales & Deals
B0046XC528,Sales & Deals
B01IT9NLHW,Sales & Deals
B0014D2GEK,Sales & Deals
B004XLRTUQ,Sales & Deals
B014G4AY1A,Sales & Deals
B074F18H4B,Sales & Deals
B014P0K2A8,Sales & Deals
B0046KI188,Sales & Deals
B06Y5ZG66K,Sales & Deals
B01E14X7SM,Sales & Deals
B0013OUQ3S,Sales & Deals
B01B0ADMP8,Sales & Deals
B0057UUHGU,Sales & Deals
B00CQAHOCO,Sales & Deals
B011EVPAHG,Sales & Deals
B01M4RLBJU,Sales & Deals
B0018SGX6I,Sales & Deals
B00NJNJ6O6,Sales & Deals
B01NB0G1V8,Sales & Deals
B01MG2BJF0,Sales & Deals
B0010B5EQS,Sales & Deals
B00SCO8AA8,Sales & Deals
B07BVYZL88,Vision Care
B07CDN39DP,Vision Care
B003H03SDQ,Vision Care
B0030E4UIQ,Vision Care
B00008BRR8,Vision Care
B074ZHK96H,Vision Care
B0CJ2TMKG7,Vision Care
B09NRYCNDC,Vision Care
B01NCOUY05,Vision Care
B010GD3NUY,Vision Care
B07K4R213M,Vision Care
B07W781XWF,Vision Care
B0036B8QL0,Vision Care
B085G9541S,Vision Care
B09TD27BR5,Vision Care
B001GI94SO,Vision Care
B0BNLRSCRR,Vision Care
B09CW6L23D,Vision Care
B000052XFC,Vision Care
B09WRB83MX,Vision Care
B085XGKBDT,Vision Care
B00J56MMPQ,Vision Care
B00NNZRJ2G,Vision Care
B0013IRBGE,Vision Care
B072N7WRHS,Vision Care
B004O2A29E,Vision Care
B001G0ML14,Vision Care
B08CR9GRM1,Vision Care
B00EALX660,Vision Care
B088P7RDRR,Vision Care
B07XC95XP2,Vision Care
B0897ZV5VV,Vision Care
B07DZB7S4G,Vision Care
B078MSPTSQ,Vision Care
B000KPPQAY,Vision Care
B004L0PYXI,Vision Care
B005JRAYJQ,Vision Care
B0B5S37JFL,Vision Care
B095SDNYNZ,Vision Care
B001LFF5WG,Vision Care
B0B5KD4GVF,Vision Care
B08TM6Z7R9,Vision Care
B0B2R4NR2F,Vision Care
B00BQCK52E,Vision Care
B014PEZR1S,Vision Care
B08CKG9SBC,Vision Care
B0753PZSV4,Vision Care
B07VRQX2B5,Vision Care
B07PJP5D2S,Vision Care
B00K3IQ42W,Vision Care
B0DB99PD1B,Diet & Sports Nutrition
B07ZZCDZST,Diet & Sports Nutrition
B0C2ZN52RY,Diet & Sports Nutrition
B01IIGCCIK,Diet & Sports Nutrition
B0797HQFGT,Diet & Sports Nutrition
B0734CCWGR,Diet & Sports Nutrition
B09Q9WCDY7,Diet & Sports Nutrition
B08HR994NJ,Diet & Sports Nutrition
B01N16U5PC,Diet & Sports Nutrition
B09B4DWNYQ,Diet & Sports Nutrition
B00ULZF5HC,Diet & Sports Nutrition
B0719163RQ,Diet & Sports Nutrition
B07Q33CN85,Diet & Sports Nutrition
B002QO00YO,Diet & Sports Nutrition
B005CH0DT4,Diet & Sports Nutrition
B00166BBXW,Diet & Sports Nutrition
B01BGU4S28,Diet & Sports Nutrition
B0CZ4JYB9M,Diet & Sports Nutrition
B0013OUQ3S,Diet & Sports Nutrition
B00SCO8AA8,Diet & Sports Nutrition
B002CQU564,Diet & Sports Nutrition
B00083B1DY,Diet & Sports Nutrition
B09SZQHYSL,Diet & Sports Nutrition
B0D4PFH1GY,Diet & Sports Nutrition
B0046XC528,Diet & Sports Nutrition
B099HZG89P,Diet & Sports Nutrition
B08J2MPF8R,Diet & Sports Nutrition
B009NT3JD4,Diet & Sports Nutrition
B084PVQGH1,Diet & Sports Nutrition
B0D8MBS6XX,Diet & Sports Nutrition
B0B28X6DZK,Diet & Sports Nutrition
B00UIFF04I,Diet & Sports Nutrition
B00VQI9ITE,Diet & Sports Nutrition
B0DDQHJ2NG,Diet & Sports Nutrition
B0DDYDGCSD,Diet & Sports Nutrition
B00T0BUBI6,Diet & Sports Nutrition
B00PYB335O,Diet & Sports Nutrition
B09V1S9168,Diet & Sports Nutrition
B0CH1T1ZPM,Diet & Sports Nutrition
B0BMPR69TW,Diet & Sports Nutrition
B0CPVVYG5D,Diet & Sports Nutrition
B0985TJ4HF,Diet & Sports Nutrition
B0BFF5MN6T,Diet & Sports Nutrition
B09NZVDMT6,Diet & Sports Nutrition
B009LI7VRC,Diet & Sports Nutrition
B07VPKSD15,Diet & Sports Nutrition
B000PKEJR0,Diet & Sports Nutrition
B07DS5QKD3,Diet & Sports Nutrition
B01KITQG0A,Diet & Sports Nutrition
B01CUQFKW4,Diet & Sports Nutrition
B0D5FZGY8W,Health Care
B0078W0QOI,Health Care
B07Z31SGD8,Health Care
B07BVYZL88,Health Care
B09556SRJH,Health Care
B01HI7WP0U,Health Care
B00TSTZQEY,Health Care
B0734849YK,Health Care
B074F297T8,Health Care
B00KOSP454,Health Care
B019ND0DU6,Health Care
B0D1QFZB5Q,Health Care
B07CDN39DP,Health Care
B095562DZX,Health Care
B09KZ8TS7L,Health Care
B074F2TF79,Health Care
B0D8J5SV3C,Health Care
B00008BRR8,Health Care
B00HCQEYCK,Health Care
B089D3Q24T,Health Care
B00U0NRI0W,Health Care
B006IB5T4W,Health Care
B07212DK9F,Health Care
B07HD643KR,Health Care
B0CPPLFQKB,Health Care
B06ZYLFV8L,Health Care
B093WPZDSQ,Health Care
B003VD5TMM,Health Care
B01MTPCPLS,Health Care
B00006IDL6,Health Care
B0009EIMX4,Health Care
B074F2FSX5,Health Care
B01J24FMIE,Health Care
B0757Y3MF9,Health Care
B07BHYGRV8,Health Care
B098V8L3Z2,Health Care
B07KC5DWCC,Health Care
B074F1RWV9,Health Care
B07FHM225F,Health Care
B001ECQ778,Health Care
B071VBZLPX,Health Care
B0CLX6BXNR,Health Care
B0046KI188,Health Care
B09YT2H35S,Health Care
B075YH3D7N,Health Care
B01M7VGCTI,Health Care
B09PR9R9SL,Health Care
B09MVDZKC2,Health Care
B06XRLR9RQ,Health Care
B0CT65RJ4N,Health Care
B0D5YDP6Y5,Sexual Wellness
B0CSCXXXQX,Sexual Wellness
B0CJV2P8ZC,Sexual Wellness
B0CDNKQ5WH,Sexual Wellness
B0C69G6CVD,Sexual Wellness
B008UYN4QA,Sexual Wellness
B08R6WN9FW,Sexual Wellness
B092MR8JS9,Sexual Wellness
B0CGV9TVSV,Sexual Wellness
B00QTZAIKM,Sexual Wellness
B00FJAIC5G,Sexual Wellness
B09XMGQSGN,Sexual Wellness
B08Y64FDBM,Sexual Wellness
B0CLRLP33T,Sexual Wellness
B093C6PSCS,Sexual Wellness
B0CNRZVJMG,Sexual Wellness
B0C65QDFBH,Sexual Wellness
B0B7D6LWZZ,Sexual Wellness
B0BQYTDDKX,Sexual Wellness
B09TQ6P9YT,Sexual Wellness
B09MW5K8KK,Sexual Wellness
B07FZBVKLQ,Sexual Wellness
B004GW9GXU,Sexual Wellness
B004TTXA8C,Sexual Wellness
B07FS852FQ,Sexual Wellness
B0952WDYSH,Sexual Wellness
B09XTJDSSH,Sexual Wellness
B0BNHW2VMV,Sexual Wellness
B0CNK4R19W,Sexual Wellness
B00VVRULBY,Sexual Wellness
B07GRDSKNB,Sexual Wellness
B0C8N5W67D,Sexual Wellness
B0073R7TWU,Sexual Wellness
B0BKQKX19J,Sexual Wellness
B0CP8SR3J3,Sexual Wellness
B0CJ2D68HW,Sexual Wellness
B0055UCCFG,Sexual Wellness
B00RYV84GK,Sexual Wellness
B00EJPU14C,Sexual Wellness
B09WCXFC1S,Sexual Wellness
B0013V866A,Sexual Wellness
B00M86WV2O,Sexual Wellness
B0BYSN7MDT,Sexual Wellness
B0BXXBPLZD,Sexual Wellness
B00C33QDW6,Sexual Wellness
B0C5ND54JW,Sexual Wellness
B00BWS5UPY,Sexual Wellness
B0D9PXBV8X,Sexual Wellness
B075SMY97R,Sexual Wellness
B00G5K7L24,Sexual Wellness
B079H53D2B,"Vitamins, Minerals & Supplements"
B07P5K7DQP,"Vitamins, Minerals & Supplements"
B00GL2HMES,"Vitamins, Minerals & Supplements"
B00GB85JR4,"Vitamins, Minerals & Supplements"
B09RQBHRCT,"Vitamins, Minerals & Supplements"
B002DYIZEO,"Vitamins, Minerals & Supplements"
B00K6JUG4K,"Vitamins, Minerals & Supplements"
B07B8BSGPL,"Vitamins, Minerals & Supplements"
B0CFZLNC5F,"Vitamins, Minerals & Supplements"
B0CWS5QP8F,"Vitamins, Minerals & Supplements"
B00XQ2XGAA,"Vitamins, Minerals & Supplements"
B0D52NMWFT,"Vitamins, Minerals & Supplements"
B00Y8MP4G6,"Vitamins, Minerals & Supplements"
B01BMDAVIY,"Vitamins, Minerals & Supplements"
B08FGZSW8L,"Vitamins, Minerals & Supplements"
B07DX89ZHN,"Vitamins, Minerals & Supplements"
B0739KKHWL,"Vitamins, Minerals & Supplements"
B07255MPRN,"Vitamins, Minerals & Supplements"
B08666GMWG,"Vitamins, Minerals & Supplements"
B00MJ7VL1O,"Vitamins, Minerals & Supplements"
B07YMJLTR6,"Vitamins, Minerals & Supplements"
B000BD0RT0,"Vitamins, Minerals & Supplements"
B07TNJRN9N,"Vitamins, Minerals & Supplements"
B0B4BG1WDM,"Vitamins, Minerals & Supplements"
B000NPYY04,"Vitamins, Minerals & Supplements"
B00H5PJ0HW,"Vitamins, Minerals & Supplements"
B00MDRTV8A,"Vitamins, Minerals & Supplements"
B01KE592JU,"Vitamins, Minerals & Supplements"
B00016RL9G,"Vitamins, Minerals & Supplements"
B00E9M4XFI,"Vitamins, Minerals & Supplements"
B006P536E6,"Vitamins, Minerals & Supplements"
B009SZXM4E,"Vitamins, Minerals & Supplements"
B08XXHCGZT,"Vitamins, Minerals & Supplements"
B004RR1FF6,"Vitamins, Minerals & Supplements"
B07SRK1F3Y,"Vitamins, Minerals & Supplements"
B07GY22VLW,"Vitamins, Minerals & Supplements"
B0C21ZLQNC,"Vitamins, Minerals & Supplements"
B0DJWV4BQ1,"Vitamins, Minerals & Supplements"
B08WPLW4VN,"Vitamins, Minerals & Supplements"
B0771R5L28,"Vitamins, Minerals & Supplements"
B00DJUK8HS,"Vitamins, Minerals & Supplements"
B014G4AY1A,"Vitamins, Minerals & Supplements"
B0CJX1HK52,"Vitamins, Minerals & Supplements"
B07R8GD47V,"Vitamins, Minerals & Supplements"
B007L0DPE0,"Vitamins, Minerals & Supplements"
B002NPCMJC,"Vitamins, Minerals & Supplements"
B07978VPPH,"Vitamins, Minerals & Supplements"
B000GCQ8X0,"Vitamins, Minerals & Supplements"
B01DBTFO98,"Vitamins, Minerals & Supplements"
B07BBFFTKH,"Vitamins, Minerals & Supplements"
B084HQ4DYQ,Sports Nutrition
B00GL2HMES,Sports Nutrition
B002DYIZH6,Sports Nutrition
B01IT9NLHW,Sports Nutrition
B002DYIZEO,Sports Nutrition
B08XQZX9K3,Sports Nutrition
B06ZZ3PJQD,Sports Nutrition
B099J2SWXV,Sports Nutrition
B0BQ4G7LY8,Sports Nutrition
B09GLBLPYG,Sports Nutrition
B00E9M4XFI,Sports Nutrition
B00J074W7Q,Sports Nutrition
B07978VPPH,Sports Nutrition
B0BJLBLQG8,Sports Nutrition
B00DLWONF2,Sports Nutrition
B008O47SI6,Sports Nutrition
B0791Y2LMB,Sports Nutrition
B07PXNNFGT,Sports Nutrition
B097QF7HVH,Sports Nutrition
B0CXPWMSX6,Sports Nutrition
B09BC7V1JJ,Sports Nutrition
B09BD8GZ8L,Sports Nutrition
B07TL6PNLH,Sports Nutrition
B0BPK32N5S,Sports Nutrition
B00J074W94,Sports Nutrition
B000Z9361G,Sports Nutrition
B09WCWK8LM,Sports Nutrition
B00BKL4KKY,Sports Nutrition
B0D2PFN3NX,Sports Nutrition
B002U7YZXY,Sports Nutrition
B07FHPGS4V,Sports Nutrition
B078KCYLZF,Sports Nutrition
B01IIGL894,Sports Nutrition
B07ZZCDZST,Sports Nutrition
B071JG5QYT,Sports Nutrition
B0734CCWGR,Sports Nutrition
B0CG7W485N,Sports Nutrition
B0DB99PD1B,Sports Nutrition
B09Q9WCDY7,Sports Nutrition
B09B4DWNYQ,Sports Nutrition
B01IIGCCIK,Sports Nutrition
B00ULZF5HC,Sports Nutrition
B005CH0DT4,Sports Nutrition
B00166BBXW,Sports Nutrition
B07Q33CN85,Sports Nutrition
B0013OUQ3S,Sports Nutrition
B00SCO8AA8,Sports Nutrition
B09SZQHYSL,Sports Nutrition
B099HZG89P,Sports Nutrition
B08J2MPF8R,Sports Nutrition
B0CZ4JYB9M,Sports Nutrition
B084PVQGH1,Sports Nutrition
B00UIFF04I,Sports Nutrition
B0D8MBS6XX,Sports Nutrition
B0DDYDGCSD,Sports Nutrition
B0DDQHJ2NG,Sports Nutrition
B0D1KD323N,Sports Nutrition
B0CH1T1ZPM,Sports Nutrition
B09V1S9168,Sports Nutrition
B0BMPR69TW,Sports Nutrition
B0985TJ4HF,Sports Nutrition
B09NZVDMT6,Sports Nutrition
B07DS5QKD3,Sports Nutrition
B07VPKSD15,Sports Nutrition
B0BFF5MN6T,Sports Nutrition
B00TXY32FY,Sports Nutrition
B07WRQ2K9B,Sports Nutrition
B01KITQG0A,Sports Nutrition
B01CUQFKW4,Sports Nutrition
B07GQ4Z1L8,Sports Nutrition
B01AMVB87A,Sports Nutrition
B07M7L4DPV,Sports Nutrition
B000GIPJ0M,Sports Nutrition
B094QB6PH6,Sports Nutrition
B01MQ1JLWY,Sports Nutrition
B09SYB2ZQ2,Sports Nutrition
B0CSQWZPBX,Sports Nutrition
B0CXHC19N2,Sports Nutrition
B09QLKL61K,Sports Nutrition
B09VCTVH98,Sports Nutrition
B00EACSHF4,Sports Nutrition
B01N7VLTW3,Sports Nutrition
B0CG3SL43Q,Sports Nutrition
B0CTKX72Z4,Sports Nutrition
B07FTTGM6N,Sports Nutrition
B07CVZSM17,Sports Nutrition
B00NBIUGA2,Sports Nutrition
B0CVNCJKJJ,Sports Nutrition
B07BBWJY5X,Sports Nutrition
B08TZD2R7L,Sports Nutrition
B09GKX9J39,Sports Nutrition
B00SHXE7VK,Sports Nutrition
B0BRRRKDK5,Sports Nutrition
B008IC0Z8Y,Sports Nutrition
B000ARPK7G,Sports Nutrition
B01HOPJ522,Sports Nutrition
B0D5ZW8WVK,Sports Nutrition
B08PW3RMXT,Sports Nutrition
B0DLCNXJD1,Sports Nutrition
B010C3MQC4,Sports Nutrition
B071G33DC1,Medical Supplies & Equipment
B01MSISJKG,Medical Supplies & Equipment
B07DZB7S4G,Medical Supplies & Equipment
B09ZQ2QSXS,Medical Supplies & Equipment
B078RMCFWQ,Medical Supplies & Equipment
B00HSR1B9W,Medical Supplies & Equipment
B0BL3R1GQG,Medical Supplies & Equipment
B01HFBWQH6,Medical Supplies & Equipment
B09VMPDNZC,Medical Supplies & Equipment
B07F4JJH1Z,Medical Supplies & Equipment
B07253Z16J,Medical Supplies & Equipment
B006EPM74W,Medical Supplies & Equipment
B0CGX2256B,Medical Supplies & Equipment
B08VFZDX82,Medical Supplies & Equipment
B085LZVMFS,Medical Supplies & Equipment
B0CSPTWZYH,Medical Supplies & Equipment
B0B4S6MSX3,Medical Supplies & Equipment
B07DLFP8Q5,Medical Supplies & Equipment
B07DK9QZV9,Medical Supplies & Equipment
B01LXAGV0H,Medical Supplies & Equipment
B002CJ62N6,Medical Supplies & Equipment
B088396TM2,Medical Supplies & Equipment
B087R16BPW,Medical Supplies & Equipment
B01A58FHQ8,Medical Supplies & Equipment
B001HOM4U2,Medical Supplies & Equipment
B07FFC361V,Medical Supplies & Equipment
B01HSAG8BE,Medical Supplies & Equipment
B0CPDYVKPX,Medical Supplies & Equipment
B0B5KD4GVF,Medical Supplies & Equipment
B0011E8DG2,Medical Supplies & Equipment
B07XYW52VQ,Medical Supplies & Equipment
B077W95VHB,Medical Supplies & Equipment
B00854L57U,Medical Supplies & Equipment
B0CGDM3SCN,Medical Supplies & Equipment
B0BKSKYJSH,Medical Supplies & Equipment
B0DDZP9R7T,Medical Supplies & Equipment
B08TM6Z7R9,Medical Supplies & Equipment
B088DZWSF6,Medical Supplies & Equipment
B00TZTO0VM,Medical Supplies & Equipment
B077BW7LBZ,Medical Supplies & Equipment
B0C2YP23N9,Medical Supplies & Equipment
B01LA8QK68,Medical Supplies & Equipment
B0C5M1YDKQ,Medical Supplies & Equipment
B00MUK6M82,Medical Supplies & Equipment
B07YVGZPRZ,Medical Supplies & Equipment
B0CJZW4S18,Medical Supplies & Equipment
B08S2TDDNQ,Medical Supplies & Equipment
B07JPWYZN2,Medical Supplies & Equipment
B07K66HXZL,Medical Supplies & Equipment
B001THDDFC,Medical Supplies & Equipment
B07Q4TD8RS,Wellness & Relaxation
B017V7UKW2,Wellness & Relaxation
B07WM15GKJ,Wellness & Relaxation
B087PCV3TP,Wellness & Relaxation
B075HP5G2D,Wellness & Relaxation
B07VSRK68V,Wellness & Relaxation
B07ZJJWXHJ,Wellness & Relaxation
B07LBQR3QY,Wellness & Relaxation
B0BHCPFPM8,Wellness & Relaxation
B00I9GTE5Y,Wellness & Relaxation
B0BG6N7W91,Wellness & Relaxation
B096W4FGW3,Wellness & Relaxation
B084DJGHXN,Wellness & Relaxation
B00V9JP8EE,Wellness & Relaxation
B08JW7JB7W,Wellness & Relaxation
B09WMZ5NQ4,Wellness & Relaxation
B091TVVG3Q,Wellness & Relaxation
B07WYX1D4H,Wellness & Relaxation
B0D5NZ8ZYC,Wellness & Relaxation
B07PRNPKGD,Wellness & Relaxation
B09N35WQWM,Wellness & Relaxation
B09XD65K41,Wellness & Relaxation
B08WBXV55Z,Wellness & Relaxation
B09CGZC3PW,Wellness & Relaxation
B01BZOKLOO,Wellness & Relaxation
B08D3WB3CQ,Wellness & Relaxation
B07Z5C4W8K,Wellness & Relaxation
B09VPJB3LY,Wellness & Relaxation
B0069SQD6W,Wellness & Relaxation
B07P5PFFMZ,Wellness & Relaxation
B07WQBC91V,Wellness & Relaxation
B09VH85M4Y,Wellness & Relaxation
B07R8WZR55,Wellness & Relaxation
B08C9TDKRY,Wellness & Relaxation
B0DB86TWRJ,Wellness & Relaxation
B0D1NZGMXS,Wellness & Relaxation
B0CRTPVD1D,Wellness & Relaxation
B00A2JBMRE,Wellness & Relaxation
B0CTK14S7C,Wellness & Relaxation
B0CGZX4MR1,Wellness & Relaxation
B08XZ3HWF3,Wellness & Relaxation
B07RP1XBGT,Wellness & Relaxation
B0B55XCH93,Wellness & Relaxation
B08VYWSVVF,Wellness & Relaxation
B0CHPDXMS7,Wellness & Relaxation
B00194H6EE,Wellness & Relaxation
B0836Y45HD,Wellness & Relaxation
B0BBFNS5ZK,Wellness & Relaxation
B07C683MBH,Wellness & Relaxation
B08S2XV852,Wellness & Relaxation
B0C959QCJB,Oral Care
B07WCBD6YC,Oral Care
B096T141KR,Oral Care
B082BF4TYW,Oral Care
B0D7JPW811,Oral Care
B01LTHYWB0,Oral Care
B01NBRH9TF,Oral Care
B07PM8FXMX,Oral Care
B0126XBQK6,Oral Care
B005IHSPLQ,Oral Care
B0CNTRVZPW,Oral Care
B00HFQQ0VU,Oral Care
B074W58X3F,Oral Care
B0054J2GDQ,Oral Care
B0C881GLNM,Oral Care
B00H88K9EE,Oral Care
B01AKGRTUM,Oral Care
B08MLDWN69,Oral Care
B01498R95W,Oral Care
B00JMLT22K,Oral Care
B07TYW877C,Oral Care
B01B4OB2FC,Oral Care
B0787G4D3Q,Oral Care
B01GKA1MZA,Oral Care
B0B5HN65QQ,Oral Care
B0BLJ68F9R,Oral Care
B003CP12O8,Oral Care
B01KZ6V00W,Oral Care
B0BQ1X8W2H,Oral Care
B076B8PX14,Oral Care
B08899DKSV,Oral Care
B00006ANDK,Oral Care
B07T7M2VT2,Oral Care
B0BQ1JN7MH,Oral Care
B095Z5WQWM,Oral Care
B01BNEWDFQ,Oral Care
B09B18SW3Y,Oral Care
B06XK2M3H3,Oral Care
B09VK1RKM8,Oral Care
B016790E7Q,Oral Care
B0B5Y2G4HH,Oral Care
B0CQPP74YV,Oral Care
B088CH8J8W,Oral Care
B0749MNW3N,Oral Care
B0D1LMLGDG,Oral Care
B01MTLEKNA,Oral Care
B008YEMVSI,Oral Care
B003UKM9CO,Oral Care
B071VNC4TL,Oral Care
B0C5B7VFW7,Oral Care
B08QRFZ6TH,Bath
B0CFGYFCYL,Bath
B01N1UX8RW,Bath
B01HI1W1V4,Bath
B0CBP8CL71,Bath
B08NJ6VF9T,Bath
B00LS9UD2M,Bath
B08BZFRQLS,Bath
B01MUBU0YC,Bath
B07FPQZG6V,Bath
B081YQBPSS,Bath
B08CRPWQHB,Bath
B08WPQ12XX,Bath
B09CYLZPYP,Bath
B08CYBPMJC,Bath
B0BLSCY6PR,Bath
B082KP92DF,Bath
B007JCHA6E,Bath
B0CXV8J4RR,Bath
B07XGKZ2RC,Bath
B0CMQ2CQMH,Bath
B0CJ56M8D4,Bath
B0BZZDPPRX,Bath
B08LBN2JPS,Bath
B07TTB1YTH,Bath
B07RPNBLWK,Bath
B076JD153W,Bath
B07S9PTLNZ,Bath
B08PB8ZTK1,Bath
B08S31RWBK,Bath
B075L81JP5,Bath
B09ZKYQMVD,Bath
B0BQHV84H6,Bath
B0C49CL45M,Bath
B01F5K9YNS,Bath
B07VV33FSV,Bath
B081J7SBP4,Bath
B08QHW1RWB,Bath
B08722NDZ9,Bath
B0BJDQDZCT,Bath
B094FPRBQ6,Bath
B010S5VXKC,Bath
B00P7VW2H6,Bath
B00GQP0XTQ,Bath
B07236M4HC,Bath
B07VX6GH88,Bath
B07CV3B8KR,Bath
B0CPXV2K34,Bath
B074PR4FRT,Bath
B0BB29GC7W,Bath
B08637XW4H,Bath
B078YNC9G9,Bath
B093D7Y3F2,Bath
B09Y116MJP,Bath
B00Q7JESL0,Bath
B0C6KHGK42,Bath
B0BPS66NC3,Bath
B005MTSVXM,Bath
B07MDY6PHC,Bath
B083KKF8F8,Bath
B0CGRFJC9M,Bath
B07VN49QF5,Bath
B0B12B63CM,Bath
B0C8611GZV,Bath
B07QCLKL27,Bath
B011CBJGZK,Bath
B0993GDLC5,Bath
B0BZ4QK7TJ,Bath
B0B4X11K31,Bath
B07B9RFQBJ,Bath
B08TM4WH2Q,Bath
B01H2DG1YG,Bath
B09VLD3F3P,Bath
B09F2J4SX1,Bath
B091DN26MQ,Bath
B0BHSFZNFY,Bath
B099FJJYYC,Bath
B0CGTZPQFS,Bath
B086GK4STB,Bath
B087T2M1YX,Bath
B08HPRXGX9,Bath
B0B519YBQ4,Bath
B098DK218Z,Bath
B07Q32S3B2,Bath
B09SJ5KFQ5,Bath
B0BZL5GWVL,Bath
B07SQ4R65K,Bath
B0BCPYMBNK,Bath
B0BR3F4HFX,Bath
B07Q8Y8GWN,Bath
B0CRY98FG1,Bath
B0BWMLC9BJ,Bath
B0CHRSYP3D,Bath
B0CPPVH7KF,Bath
B0BPHHJ2MR,Bath
B07B6GC5GY,Bath
B0BQY2F17P,Bath
B0D1BZJSX4,Bath
B09CGYN74K,Bath
B07Z5X3HMY,Bath
B0C2S4163L,Vision Care
B09M3R2PNT,Vision Care
B08NX85S3T,Vision Care
B004IXZJ4W,Vision Care
B018GXS7WK,Vision Care
B00NMPJR90,Vision Care
B086TPW1WP,Vision Care
B088JPW8PD,Vision Care
B005JRB9TU,Vision Care
B0015HJ968,Vision Care
B000092YOV,Vision Care
B0BKQRFS4J,Vision Care
B0C9F6PRN3,Vision Care
B08MN19TZV,Vision Care
B071V862HN,Vision Care
B07Z8PHTSS,Vision Care
B07RZ9KV5S,Vision Care
B000X98XS4,Vision Care
B0CJ2Y5V2F,Vision Care
B0BM84NBQ3,Vision Care
B07ZK25B9G,Vision Care
B00GPVQVCO,Vision Care
B08F13V8NR,Vision Care
B0D1XX8CC6,Vision Care
B098P9XLRZ,Vision Care
B074N9LJ8G,Vision Care
B0BVYLYLX2,Vision Care
B00433KUTQ,Vision Care
B0857XD9V6,Vision Care
B000URWZ6U,Vision Care
B081GB8F89,Vision Care
B00HW067O4,Vision Care
B08B3CKM5L,Vision Care
B000R36JOG,Vision Care
B0C32H62J9,Vision Care
B005JRDYKC,Vision Care
B00005V9CG,Vision Care
B0933LZVC9,Vision Care
B081RLZWG7,Vision Care
B07RGHSMGF,Vision Care
B086855GX3,Vision Care
B005JRAL1W,Vision Care
B0C6KBKPHR,Vision Care
B001V9QLYI,Vision Care
B09PH4SD8T,Vision Care
B08BPTXLJW,Vision Care
B07WY754MK,Vision Care
B00MNSFASO,Vision Care
B07S3Z2JB8,Vision Care
B089XXL4S9,Vision Care
B07MHJFRBJ,Cleaning Supplies
B01BZ0LXL8,Cleaning Supplies
B09NW83XJ2,Cleaning Supplies
B09BWFX1L6,Cleaning Supplies
B00HSC9F2C,Cleaning Supplies
B0CV4FQPY1,Cleaning Supplies
B00W5D1MDE,Cleaning Supplies
B093X8QQ12,Cleaning Supplies
B07F246YG1,Cleaning Supplies
B08F7BSLNW,Cleaning Supplies
B0CKK43XXS,Cleaning Supplies
B074CR89QG,Cleaning Supplies
B07T9MBNTT,Cleaning Supplies
B0CL7N32TM,Cleaning Supplies
B003TS2R1A,Cleaning Supplies
B07G3YXPXQ,Cleaning Supplies
B00QIT9NDW,Cleaning Supplies
B01DCG0GPC,Cleaning Supplies
B00WSWGVZQ,Cleaning Supplies
B00DU5SRIY,Cleaning Supplies
B0CYDBCSR7,Cleaning Supplies
B0CF3BDBL2,Cleaning Supplies
B07Q5VHD6V,Cleaning Supplies
B0CTS8VQ85,Cleaning Supplies
B09KTQMMCM,Cleaning Supplies
B00U2T6SQ4,Cleaning Supplies
B0CTKR5278,Cleaning Supplies
B0CTKTPKV8,Cleaning Supplies
B00Q70RCW6,Cleaning Supplies
B08QTXPR9G,Cleaning Supplies
B09JGPVMBB,Cleaning Supplies
B001B0V5GG,Cleaning Supplies
B095PL2MPZ,Cleaning Supplies
B07T9C5CQR,Cleaning Supplies
B001F0RBT2,Cleaning Supplies
B08RFCCBR1,Cleaning Supplies
B076DJQDLZ,Cleaning Supplies
B0CV4GS3F2,Cleaning Supplies
B098D79MQB,Cleaning Supplies
B0CJ1NHWGX,Cleaning Supplies
B0035G078Q,Cleaning Supplies
B00SXC85IQ,Cleaning Supplies
B0C1R4C4J1,Cleaning Supplies
B000ARPVIY,Cleaning Supplies
B0BYLN716Y,Cleaning Supplies
B0043P0IAK,Cleaning Supplies
B07YD3G991,Cleaning Supplies
B0C1DWC251,Cleaning Supplies
B010OVNPEW,Cleaning Supplies
B00BFUSDO4,Cleaning Supplies
B08HVJQ2YP,Bedding
B09B2HXT9K,Bedding
B0BBLP5GLC,Bedding
B071RVW4ZY,Bedding
B07PGMVVC2,Bedding
B0158EQJSY,Bedding
B08BBZKSTS,Bedding
B08YXKR996,Bedding
B0CL9SXSBD,Bedding
B0BNJDPSF7,Bedding
B072M3KRDB,Bedding
B0BZR6YBHK,Bedding
B07QHNC81Z,Bedding
B00EINBSEW,Bedding
B06Y2JFKBG,Bedding
B08CXJCX3H,Bedding
B09SKZYYDQ,Bedding
B07JP2L1TG,Bedding
B088WX8WPX,Bedding
B07H71SBC4,Bedding
B0798HGBYR,Bedding
B07B4Z9L7M,Bedding
B0CGLP3QSF,Bedding
B07MZ4GKZH,Bedding
B0CS66YDVG,Bedding
B01M0AGUPO,Bedding
B073726R5M,Bedding
B0C8TF4VK8,Bedding
B08P2PMHZ8,Bedding
B086YCZN5H,Bedding
B00NWPUKMS,Bedding
B072K59NYZ,Bedding
B0BV62SXMG,Bedding
B0779LHFMF,Bedding
B083LMRXJC,Bedding
B08P16XLP2,Bedding
B071DFDF9N,Bedding
B07HB538FY,Bedding
B07VKPZCZV,Bedding
B0BLSN6FTZ,Bedding
B0BMLTVGYJ,Bedding
B01LVU7THF,Bedding
B07X3BX7WM,Bedding
B0CC6DJQMW,Bedding
B010S7VZI0,Bedding
B0BFVVKVSK,Bedding
B072QW7S8Y,Bedding
B0B49MZLDB,Bedding
B0BC93XFCZ,Bedding
B07YS5DX7Y,Bedding
B0B8VQLN6Y,Furniture
B00SFSU53G,Furniture
B08YDJS51B,Furniture
B0CWRHLCBP,Furniture
B0CSJTKX7K,Furniture
B074NHRZQX,Furniture
B0CGZSQPFP,Furniture
B0CP1LR1PW,Furniture
B07SHFPD8S,Furniture
B014WOXB6O,Furniture
B0BLS2PR4X,Furniture
B00NKYYMAW,Furniture
B0BQHV84H6,Furniture
B0CNGTZ3B5,Furniture
B01KBEOL5E,Furniture
B0DCM8KK7G,Furniture
B094FPRBQ6,Furniture
B083YYBNF9,Furniture
B089WJH8G7,Furniture
B072K1G53F,Furniture
B08Q7MMJHH,Furniture
B08KSCDM47,Furniture
B0CZLHFWL8,Furniture
B09VC2TWQ8,Furniture
B010S7VZI0,Furniture
B0CH38DGNY,Furniture
B00FS3VJAO,Furniture
B01D58DRVC,Furniture
B09F2J4SX1,Furniture
B079943KGS,Furniture
B0CGZVJVSN,Furniture
B07D5DN269,Furniture
B09472RY19,Furniture
B08MJMN4Q9,Furniture
B08VHTFXP9,Furniture
B0BCPYMBNK,Furniture
B08VS1HKJ8,Furniture
B07CXF452P,Furniture
B09F6JW2BD,Furniture
B0BWMLC9BJ,Furniture
B0CQM8KQ2D,Furniture
B07FL6D1Z8,Furniture
B01MYN9K5B,Furniture
B0CKYYHD47,Furniture
B0B9H92YBW,Furniture
B0953928GW,Furniture
B0CLL7XWZT,Furniture
B0C3R76MWB,Furniture
B07DZT2SZ3,Furniture
B081H3Y5NW,Furniture
B08576RHN4,Furniture
B07DZT2SZ3,Furniture
B00GTCL44O,Furniture
B07BNYQ8PS,Furniture
B0C1Y5VL8D,Furniture
B09V5J5S6B,Furniture
B0D7QX186B,Furniture
B08VN6W69N,Furniture
B01COH2R98,Furniture
B086M58PQ3,Furniture
B0BDFRN629,Furniture
B0CKYRS739,Furniture
B07MZ7M13M,Furniture
B0CBK8X4Y7,Furniture
B0CH3GSMW3,Furniture
B0CGQY8P1V,Furniture
B0CLRLGY4N,Furniture
B0C1NG6DDL,Furniture
B0BDX9SYLB,Furniture
B0B9XM2N74,Furniture
B0BZ7GXM4M,Furniture
B07MDJNF6R,Furniture
B01JRNIWJG,Furniture
B0D6QX1MRC,Furniture
B097PVKRYM,Furniture
B0BTT86DKB,Furniture
B07G8L135X,Furniture
B0CLD7BJNQ,Furniture
B07QXF4SGJ,Furniture
B0CGTRPVRG,Furniture
B08BYT42P4,Furniture
B0030UUBMO,Furniture
B071FQGWMV,Furniture
B09L4R5T55,Furniture
B0C1T4FB6Y,Furniture
B0D3D4WHSF,Furniture
B0B6B51RXC,Furniture
B0CNBVVF9F,Furniture
B0D3V4338F,Furniture
B07D4BD47F,Furniture
B073WRF565,Furniture
B0CS9QQ563,Furniture
B0BBSMHJRY,Furniture
B0BBPRZHRX,Furniture
B0B8NYH6CC,Furniture
B09QWNCRC7,Furniture
B09BP3BJXQ,Furniture
B0D3CX7FTL,Furniture
B0BWY7NK35,Furniture
B0BVDT8MY9,Furniture
B0DKDV418K,"Heating, Cooling & Air Quality"
B0B93N6YP5,"Heating, Cooling & Air Quality"
B077Z2QCS5,"Heating, Cooling & Air Quality"
B0998FWTHP,"Heating, Cooling & Air Quality"
B001FWXKTA,"Heating, Cooling & Air Quality"
B0B8S1GJQ8,"Heating, Cooling & Air Quality"
B07K1HHS7V,"Heating, Cooling & Air Quality"
B07BNGPWT4,"Heating, Cooling & Air Quality"
B01N6MV8SA,"Heating, Cooling & Air Quality"
B0D3V95ZJC,"Heating, Cooling & Air Quality"
B0BBTXFTSD,"Heating, Cooling & Air Quality"
B07YD4XCT3,"Heating, Cooling & Air Quality"
B09B61G6PK,"Heating, Cooling & Air Quality"
B08KS64PQ7,"Heating, Cooling & Air Quality"
B0CTCWLV35,"Heating, Cooling & Air Quality"
B08PJQ3MWB,"Heating, Cooling & Air Quality"
B0DB8DPH8D,"Heating, Cooling & Air Quality"
B01728NLRG,"Heating, Cooling & Air Quality"
B07GR65CNT,"Heating, Cooling & Air Quality"
B073SLDNJW,"Heating, Cooling & Air Quality"
B0CFBD1MDM,"Heating, Cooling & Air Quality"
B0DKHL2KPX,"Heating, Cooling & Air Quality"
B0CP5DW6GH,"Heating, Cooling & Air Quality"
B07Z67NG78,"Heating, Cooling & Air Quality"
B0BN2MGV5H,"Heating, Cooling & Air Quality"
B09X2XHSWL,"Heating, Cooling & Air Quality"
B0BNDM2RNG,"Heating, Cooling & Air Quality"
B01D8DAYII,"Heating, Cooling & Air Quality"
B09ZY9N6PD,"Heating, Cooling & Air Quality"
B0CXJ97TV1,"Heating, Cooling & Air Quality"
B0C28MFVP9,"Heating, Cooling & Air Quality"
B0CYT6GBZ4,"Heating, Cooling & Air Quality"
B06XD7X81D,"Heating, Cooling & Air Quality"
B0BT93MJ4G,"Heating, Cooling & Air Quality"
B09RJ2L994,"Heating, Cooling & Air Quality"
B0C8V6D7CD,"Heating, Cooling & Air Quality"
B003AKIGFS,"Heating, Cooling & Air Quality"
B08HS45N13,"Heating, Cooling & Air Quality"
B0C75WDPCP,"Heating, Cooling & Air Quality"
B0BM8WMGZR,"Heating, Cooling & Air Quality"
B073SKH39W,"Heating, Cooling & Air Quality"
B08L971Z4L,"Heating, Cooling & Air Quality"
B001R1Q2C6,"Heating, Cooling & Air Quality"
B08R794ZMX,"Heating, Cooling & Air Quality"
B004OJL9IK,"Heating, Cooling & Air Quality"
B0CMR1LZTF,"Heating, Cooling & Air Quality"
B095KGXPW5,"Heating, Cooling & Air Quality"
B0CCJGKY4M,"Heating, Cooling & Air Quality"
B08XZPQDCP,"Heating, Cooling & Air Quality"
B08911JGGW,"Heating, Cooling & Air Quality"
B004U3Y8OM,"Vitamins, Minerals & Supplements"
B00DLWONF2,"Vitamins, Minerals & Supplements"
B07WZVX3L1,"Vitamins, Minerals & Supplements"
B06ZYHJYD5,"Vitamins, Minerals & Supplements"
B008O47SI6,"Vitamins, Minerals & Supplements"
B0BG94RWYN,"Vitamins, Minerals & Supplements"
B001F71XAI,"Vitamins, Minerals & Supplements"
B0BY3FDX3K,"Vitamins, Minerals & Supplements"
B07NZKSFKM,"Vitamins, Minerals & Supplements"
B0C88BJYX2,"Vitamins, Minerals & Supplements"
B079JX3FMC,"Vitamins, Minerals & Supplements"
B012RFVHSO,"Vitamins, Minerals & Supplements"
B00DYSUQR2,"Vitamins, Minerals & Supplements"
B07WT6RLX9,"Vitamins, Minerals & Supplements"
B01NBTJFJB,"Vitamins, Minerals & Supplements"
B01LXADO9Z,"Vitamins, Minerals & Supplements"
B0B6CTYD6S,"Vitamins, Minerals & Supplements"
B09RKDGYJD,"Vitamins, Minerals & Supplements"
B004JO3JTM,"Vitamins, Minerals & Supplements"
B002QO00YO,"Vitamins, Minerals & Supplements"
B08Y66H6B7,"Vitamins, Minerals & Supplements"
B00RH5K26I,"Vitamins, Minerals & Supplements"
B003CT2YQY,"Vitamins, Minerals & Supplements"
B01GVJK3XW,"Vitamins, Minerals & Supplements"
B0BDP24LP4,"Vitamins, Minerals & Supplements"
B0BXYKQBDC,"Vitamins, Minerals & Supplements"
B01M4GM9R1,"Vitamins, Minerals & Supplements"
B0DBPXDYWT,"Vitamins, Minerals & Supplements"
B000Z9361G,"Vitamins, Minerals & Supplements"
B01BHF3OMW,"Vitamins, Minerals & Supplements"
B00DS5BGDY,"Vitamins, Minerals & Supplements"
B09W363MVD,"Vitamins, Minerals & Supplements"
B0072F8D7S,"Vitamins, Minerals & Supplements"
B0CQMHSPDV,"Vitamins, Minerals & Supplements"
B00G36TJKW,"Vitamins, Minerals & Supplements"
B001TH7K0G,"Vitamins, Minerals & Supplements"
B01MSBZYQW,"Vitamins, Minerals & Supplements"
B01NCUJPBF,"Vitamins, Minerals & Supplements"
B0019GE9HE,"Vitamins, Minerals & Supplements"
B008GC9T6A,"Vitamins, Minerals & Supplements"
B00FOTMGTU,"Vitamins, Minerals & Supplements"
B006QQRY2O,"Vitamins, Minerals & Supplements"
B07JGW2JKF,"Vitamins, Minerals & Supplements"
B00CX3ASFE,"Vitamins, Minerals & Supplements"
B0016KITZ6,"Vitamins, Minerals & Supplements"
B0938NKV1G,"Vitamins, Minerals & Supplements"
B07S38C5WW,"Vitamins, Minerals & Supplements"
B09KCCVL9V,"Vitamins, Minerals & Supplements"
B0055OUOQQ,"Vitamins, Minerals & Supplements"
B00HSMS5OQ,"Vitamins, Minerals & Supplements"
B0B1CNJL7N,Home Décor
B01NBNDC1T,Home Décor
B0CFGYFCYL,Home Décor
B0714K41PB,Home Décor
B0BCV9RTS3,Home Décor
B06XG2DPFC,Home Décor
B0CBP8CL71,Home Décor
B0817D3QS8,Home Décor
B092VC7VK2,Home Décor
B07FPQZG6V,Home Décor
B01CS31R94,Home Décor
B0B7WQVYGF,Home Décor
B0108XRDJE,Home Décor
B07ZSWRKZY,Home Décor
B0CLHD89XB,Home Décor
B0DJ18ZWYQ,Home Décor
B08XVP48KQ,Home Décor
B0D9GFYJBV,Home Décor
B07RWRJ4XW,Home Décor
B073RQ25GQ,Home Décor
B08RNGR7NM,Home Décor
B0CMQ2CQMH,Home Décor
B08M63DCJW,Home Décor
B07KVV8RFF,Home Décor
B015SJ7RYY,Home Décor
B000X457HO,Home Décor
B0852WLH7M,Home Décor
B07BYCHMVY,Home Décor
B0B24QJ217,Home Décor
B000KOHG9Y,Home Décor
B08QVG9759,Home Décor
B07TTB1YTH,Home Décor
B08B555PFG,Home Décor
B0BQ2TZ1NV,Home Décor
B0B3544GYM,Home Décor
B08B12BFK2,Home Décor
B097S59PFH,Home Décor
B00XHXU7PU,Home Décor
B0D5RMVMWF,Home Décor
B088R6QXPC,Home Décor
B01C52YCU4,Home Décor
B07VV33FSV,Home Décor
B0BY2LTXLY,Home Décor
B082WQVZKJ,Home Décor
B0BBQX7P5J,Home Décor
B01EB1QOGW,Home Décor
B07DM86Z43,Home Décor
B08XWFQ1RL,Home Décor
B0CRQQ8TYB,Home Décor
B0BJL5MYG8,Home Décor
B075WPKK5P,Home Décor
B07DQWT15Y,Home Décor
B07JNNLG65,Home Décor
B0815BLNX1,Home Décor
B0B5YKRZML,Home Décor
B01N20YR6B,Home Décor
B08N6KWS7T,Home Décor
B0C5349DR4,Home Décor
B07P8TXWYH,Home Décor
B07VX6GH88,Home Décor
B094FPRBQ6,Home Décor
B09ZKMP7QX,Home Décor
B004G9C0SQ,Home Décor
B0C5BYHFW9,Home Décor
B0DLLSCVZW,Home Décor
B007T58QPU,Home Décor
B0881QG5WK,Home Décor
B0C7BH6737,Home Décor
B0BR3STN87,Home Décor
B07ZQ2ZKLW,Home Décor
B0B3DQNCCV,Home Décor
B0B93SW5V9,Home Décor
B09Y116MJP,Home Décor
B07H88SWCM,Home Décor
B09KMT2P5F,Home Décor
B07MDY6PHC,Home Décor
B01N0RSCBI,Home Décor
B0C7BXC5BS,Home Décor
B0CRZBSNWN,Home Décor
B0CTJGJL2T,Home Décor
B08X6LYL5V,Home Décor
B0C5S8VB2K,Home Décor
B083LMRXJC,Home Décor
B07FVMNNQ3,Home Décor
B07QNXDV57,Home Décor
B0999B8WKX,Home Décor
B0BLSN6FTZ,Home Décor
B000ORX6WI,Home Décor
B087WNWL9V,Home Décor
B0BFVVKVSK,Home Décor
B0BPX45TD9,Home Décor
B0BFC7WQ6R,Home Décor
B0CDRDK6MR,Home Décor
B0BZDLT95R,Home Décor
B0CQ43MLGW,Home Décor
B0C6JX429G,Home Décor
B07CYNY4F6,Home Décor
B08JH82DZW,Home Décor
B08J6NQMQ5,Home Décor
B077RPXSF3,Home Décor
B00Q7OB4EE,Bedding
B01M16WBW1,Bedding
B01NBNDC1T,Bedding
B0725WFLMB,Bedding
B00NX0WXQI,Bedding
B00MRH9NCK,Bedding
B0BPLB81LX,Bedding
B0714K41PB,Bedding
B01LYNW421,Bedding
B00NESCOY0,Bedding
B01IE7P2VW,Bedding
B097CZCDQG,Bedding
B00U6HREPQ,Bedding
B08DTH86Q2,Bedding
B00S1TC442,Bedding
B073H8STZ7,Bedding
B087JJ3M15,Bedding
B015QL1KMY,Bedding
B0B8DXN3K2,Bedding
B073ZY6XH3,Bedding
B07PCQKTCN,Bedding
B0B2WM5CJP,Bedding
B0157T2ENY,Bedding
B09BFQG17F,Bedding
B07YKLSMFM,Bedding
B06XS1P6NG,Bedding
B07F91D1Z3,Bedding
B07TRL3TWX,Bedding
B00I8XC6C6,Irons & Steamers
B09FB2KQ3C,Irons & Steamers
B07SRRQS5B,Bedding
B003PWNH4Q,Bedding
B0BZVLW3XY,Bedding
B0CWRHLCBP,Bedding
B07RZRH662,Bedding
B001PB8G04,Bedding
B07Y3TN3NP,Bedding
B0869D64HL,Bedding
B08GKKKJ1H,Bedding
B099W7GZTV,Irons & Steamers
B08D8Y11LV,Irons & Steamers
B0853DGZ1Q,Irons & Steamers
B09T5MCGNX,Irons & Steamers
B0CTW6Z994,Irons & Steamers
B07M99CD7S,Irons & Steamers
B0CN1RNJ4T,Irons & Steamers
B00AO29IWA,Irons & Steamers
B0BLV8SW11,Irons & Steamers
B07RY59C3W,Bedding
B07P5NBRL5,Bedding
B07NYR18X4,Bedding
B07YKCZHGK,Bedding
B09964WTF5,Bedding
B0C1NNYJGB,Bedding
B0081GJ038,Bedding
B082XKFYLJ,Bedding
B00NLLUMOE,Bedding
B07S651GSW,Bedding
B0B2Z8J1MJ,Irons & Steamers
B0D4LYRY61,Irons & Steamers
B00RF130OA,Irons & Steamers
B082B9FCY4,Irons & Steamers
B09CQFR9T6,Irons & Steamers
B09NP52K35,Irons & Steamers
B088BLG82K,Irons & Steamers
B0DJ26DLM7,Irons & Steamers
B07N9G75WM,Irons & Steamers
B09S5TZH5N,Bedding
B08YYVRXLM,Bedding
B0CNPDMD1R,Bedding
B000LNRMH0,Irons & Steamers
B0BDMTZYXZ,Irons & Steamers
B00HS7CC9K,Irons & Steamers
B0C8BW39FC,Irons & Steamers
B0CYH2SW98,Irons & Steamers
B07ZH7RPNC,Irons & Steamers
B0BN85SJZW,Irons & Steamers
B09WMVCB8V,Irons & Steamers
B075BLHVYR,Irons & Steamers
B08RQDTW1S,Irons & Steamers
B0BMTSHQ78,Irons & Steamers
B0DCVSTDGR,Irons & Steamers
B08QNBGL6Q,Irons & Steamers
B0DG5J4DHG,Irons & Steamers
B08L5Z1ZM1,Irons & Steamers
B0D3RLZ1HQ,Irons & Steamers
B00ZYLIIAO,Irons & Steamers
B08XFR2YN4,Irons & Steamers
B0BFWRKK8R,Irons & Steamers
B0BXQVQ3G4,Irons & Steamers
B07B7LFC7G,Irons & Steamers
B0CL534D8C,Irons & Steamers
B0BFHRKL5K,Irons & Steamers
B07HJS7874,Irons & Steamers
B0CRH8ZTVZ,Irons & Steamers
B09WSQRQBS,Irons & Steamers
B072KT58KQ,Irons & Steamers
B0CTQ4KW11,Irons & Steamers
B0DSSVT65W,Irons & Steamers
B0CW2MRL31,Irons & Steamers
B01M16WBW1,Kids' Home Store
B0CPPLFQKB,Kids' Home Store
B07RWRJ4XW,Kids' Home Store
B0BZVLW3XY,Kids' Home Store
B015QL1KMY,Kids' Home Store
B001PB8G04,Kids' Home Store
B014WOXB6O,Kids' Home Store
B0081GJ038,Kids' Home Store
B08QVG9759,Kids' Home Store
B095XNZCSQ,Kids' Home Store
B08YYVRXLM,Kids' Home Store
B0CNPDMD1R,Kids' Home Store
B07PGMVVC2,Kids' Home Store
B0BBQX7P5J,Kids' Home Store
B072M3KRDB,Kids' Home Store
B07DM86Z43,Kids' Home Store
B08CXJCX3H,Kids' Home Store
B01GEOZEVU,Kids' Home Store
B0BXY61MQT,Kids' Home Store
B01M0AGUPO,Kids' Home Store
B086YCZN5H,Kids' Home Store
B0B93SW5V9,Kids' Home Store
B0C5S8VB2K,Kids' Home Store
B07HB538FY,Kids' Home Store
B0BMLTVGYJ,Kids' Home Store
B010S7VZI0,Kids' Home Store
B0DBM3QNDG,Kids' Home Store
B00821FLT4,Kids' Home Store
B0B7S213SX,Kids' Home Store
B0CD5NFR95,Kids' Home Store
B08MDYFTS1,Kids' Home Store
B09B1B6J9S,Kids' Home Store
B08M8Z45PJ,Kids' Home Store
B07QCLKL27,Kids' Home Store
B0CRLDXBYN,Kids' Home Store
B09472RY19,Kids' Home Store
B0CJN188VP,Kids' Home Store
B085HFHW42,Kids' Home Store
B0CJFNJXSW,Kids' Home Store
B086ZL21PN,Kids' Home Store
B09FL6YR9L,Kids' Home Store
B09DY1VZJS,Kids' Home Store
B07W6LVCJH,Kids' Home Store
B0BJZQ92DW,Kids' Home Store
B07F7HJQ2R,Kids' Home Store
B0CNXKT6S7,Kids' Home Store
B0070WGV9K,Kids' Home Store
B0CL9SJ88Z,Kids' Home Store
B087TKKK7F,Kids' Home Store
B005AGHVYM,Kids' Home Store
B0764HS4SL,Kitchen & Dining
B00MW3HBA0,Kitchen & Dining
B01MU7973W,Kitchen & Dining
B0DF44GN8Y,Kitchen & Dining
B00N0JIACS,Kitchen & Dining
B007TJGZ54,Kitchen & Dining
B0CV4GS3F2,Kitchen & Dining
B09W4PLVQP,Kitchen & Dining
B00I08JH3U,Kitchen & Dining
B0CS12LZLS,Kitchen & Dining
B00CYS7X2O,Kitchen & Dining
B0B6PLG6G2,Kitchen & Dining
B01M9I779L,Kitchen & Dining
B099BWGZBP,Kitchen & Dining
B08Y98BVDM,Kitchen & Dining
B07PZF3QS3,Kitchen & Dining
B0C4Z6SKCS,Kitchen & Dining
B003OAJGJO,Kitchen & Dining
