href,pid
https://www.ebay.com/itm/326289891275,326289891275
https://www.ebay.com/itm/326289897354,326289897354
https://www.ebay.com/itm/325509566046,325509566046
https://www.ebay.com/itm/326375893922,326375893922
https://www.ebay.com/itm/156642887335,156642887335
https://www.ebay.com/itm/156543511976,156543511976
https://www.ebay.com/itm/156699500706,156699500706
https://www.ebay.com/itm/156658686765,156658686765
https://www.ebay.com/itm/284959012013,284959012013
https://www.ebay.com/itm/286306723074,286306723074
https://www.ebay.com/itm/405608630851,405608630851
https://www.ebay.com/itm/176519222820,176519222820
https://www.ebay.com/itm/326398667707,326398667707
https://www.ebay.com/itm/334847243917,334847243917
https://www.ebay.com/itm/185658914981,185658914981
https://www.ebay.com/itm/355796606134,355796606134
https://www.ebay.com/itm/156759228877,156759228877
https://www.ebay.com/itm/405576493500,405576493500
https://www.ebay.com/itm/405608634664,405608634664
https://www.ebay.com/itm/286245224904,286245224904
https://www.ebay.com/itm/274833583914,274833583914
https://www.ebay.com/itm/156742458403,156742458403
https://www.ebay.com/itm/205315964816,205315964816
https://www.ebay.com/itm/156740120230,156740120230
https://www.ebay.com/itm/226480129200,226480129200
https://www.ebay.com/itm/387811597828,387811597828
https://www.ebay.com/itm/226628236258,226628236258
https://www.ebay.com/itm/405566793240,405566793240
https://www.ebay.com/itm/235993336298,235993336298
https://www.ebay.com/itm/186853288230,186853288230
https://www.ebay.com/itm/306066073199,306066073199
https://www.ebay.com/itm/326467736176,326467736176
https://www.ebay.com/itm/156697031550,156697031550
https://www.ebay.com/itm/205331618243,205331618243
https://www.ebay.com/itm/195732379789,195732379789
https://www.ebay.com/itm/387967141985,387967141985
https://www.ebay.com/itm/267169933778,267169933778
https://www.ebay.com/itm/405576483579,405576483579
https://www.ebay.com/itm/365442847700,365442847700
https://www.ebay.com/itm/156770381406,156770381406
https://www.ebay.com/itm/285506399001,285506399001
https://www.ebay.com/itm/286362604896,286362604896
https://www.ebay.com/itm/205297467434,205297467434
https://www.ebay.com/itm/365428237488,365428237488
https://www.ebay.com/itm/275297288091,275297288091
https://www.ebay.com/itm/286151685219,286151685219
https://www.ebay.com/itm/134603886418,134603886418
https://www.ebay.com/itm/156576977853,156576977853
https://www.ebay.com/itm/276732561148,276732561148
https://www.ebay.com/itm/404313698485,404313698485
https://www.ebay.com/itm/405608630845,405608630845
https://www.ebay.com/itm/276667473483,276667473483
https://www.ebay.com/itm/405594526664,405594526664
https://www.ebay.com/itm/156766303656,156766303656
https://www.ebay.com/itm/405591056009,405591056009
https://www.ebay.com/itm/286060525507,286060525507
https://www.ebay.com/itm/186964834355,186964834355
https://www.ebay.com/itm/156694883695,156694883695
https://www.ebay.com/itm/405616672876,405616672876
https://www.ebay.com/itm/316450794689,316450794689
https://www.ebay.com/itm/223979571796,223979571796
https://www.ebay.com/itm/115940036321,115940036321
https://www.ebay.com/itm/335066191383,335066191383
https://www.ebay.com/itm/365413757488,365413757488
https://www.ebay.com/itm/396244832463,396244832463
https://www.ebay.com/itm/314956305011,314956305011
https://www.ebay.com/itm/224411053720,224411053720
https://www.ebay.com/itm/296560784488,296560784488
https://www.ebay.com/itm/186942252392,186942252392
https://www.ebay.com/itm/135542352340,135542352340
https://www.ebay.com/itm/225232916083,225232916083
https://www.ebay.com/itm/256519887875,256519887875
https://www.ebay.com/itm/375897163509,375897163509
https://www.ebay.com/itm/126911552022,126911552022
https://www.ebay.com/itm/326347464682,326347464682
https://www.ebay.com/itm/316370704074,316370704074
https://www.ebay.com/itm/226592708089,226592708089
https://www.ebay.com/itm/306144148578,306144148578
https://www.ebay.com/itm/405594653678,405594653678
https://www.ebay.com/itm/284383788268,284383788268
https://www.ebay.com/itm/116447814216,116447814216
https://www.ebay.com/itm/326072416389,326072416389
https://www.ebay.com/itm/135567484659,135567484659
https://www.ebay.com/itm/135018937757,135018937757
https://www.ebay.com/itm/124511451990,124511451990
https://www.ebay.com/itm/404953294066,404953294066
https://www.ebay.com/itm/167358215502,167358215502
https://www.ebay.com/itm/193553482938,193553482938
https://www.ebay.com/itm/125296036643,125296036643
https://www.ebay.com/itm/326472136318,326472136318
https://www.ebay.com/itm/266734154880,266734154880
https://www.ebay.com/itm/375960008123,375960008123
https://www.ebay.com/itm/226621404643,226621404643
https://www.ebay.com/itm/403636726071,403636726071
https://www.ebay.com/itm/235379315115,235379315115
https://www.ebay.com/itm/326244803751,326244803751
https://www.ebay.com/itm/297028731326,297028731326
https://www.ebay.com/itm/167185528447,167185528447
https://www.ebay.com/itm/375835891019,375835891019
https://www.ebay.com/itm/266721066800,266721066800
https://www.ebay.com/itm/156556358505,156556358505
https://www.ebay.com/itm/285876074138,285876074138
https://www.ebay.com/itm/383797246878,383797246878
https://www.ebay.com/itm/306071653976,306071653976
https://www.ebay.com/itm/205273325221,205273325221
https://www.ebay.com/itm/365443703820,365443703820
https://www.ebay.com/itm/265625460264,265625460264
https://www.ebay.com/itm/226356836683,226356836683
https://www.ebay.com/itm/135552323988,135552323988
https://www.ebay.com/itm/313020830728,313020830728
https://www.ebay.com/itm/296817759465,296817759465
https://www.ebay.com/itm/235892332638,235892332638
https://www.ebay.com/itm/126876867324,126876867324
https://www.ebay.com/itm/326328429811,326328429811
https://www.ebay.com/itm/156628395309,156628395309
https://www.ebay.com/itm/284392956164,284392956164
https://www.ebay.com/itm/226482434473,226482434473
https://www.ebay.com/itm/167344768902,167344768902
https://www.ebay.com/itm/356573933255,356573933255
https://www.ebay.com/itm/126911538257,126911538257
https://www.ebay.com/itm/296734984396,296734984396
https://www.ebay.com/itm/356641538373,356641538373
https://www.ebay.com/itm/286335032445,286335032445
https://www.ebay.com/itm/314083245356,314083245356
https://www.ebay.com/itm/267140042771,267140042771
https://www.ebay.com/itm/205263055870,205263055870
https://www.ebay.com/itm/255380790240,255380790240
https://www.ebay.com/itm/314132249110,314132249110
https://www.ebay.com/itm/365228359942,365228359942
https://www.ebay.com/itm/384667290076,384667290076
https://www.ebay.com/itm/306087459521,306087459521
https://www.ebay.com/itm/286323414900,286323414900
https://www.ebay.com/itm/296435581230,296435581230
https://www.ebay.com/itm/235517839886,235517839886
https://www.ebay.com/itm/276492726519,276492726519
https://www.ebay.com/itm/266325613103,266325613103
https://www.ebay.com/itm/226466670716,226466670716
https://www.ebay.com/itm/276914390586,276914390586
https://www.ebay.com/itm/394095681655,394095681655
https://www.ebay.com/itm/356589232290,356589232290
https://www.ebay.com/itm/404520482353,404520482353
https://www.ebay.com/itm/393848455822,393848455822
https://www.ebay.com/itm/356365302801,356365302801
https://www.ebay.com/itm/286376129527,286376129527
https://www.ebay.com/itm/276914392395,276914392395
https://www.ebay.com/itm/356586500097,356586500097
https://www.ebay.com/itm/356382073264,356382073264
https://www.ebay.com/itm/184868498521,184868498521
https://www.ebay.com/itm/266463672372,266463672372
https://www.ebay.com/itm/266403151490,266403151490
https://www.ebay.com/itm/235992939100,235992939100
https://www.ebay.com/itm/235516598838,235516598838
https://www.ebay.com/itm/155049255018,155049255018
https://www.ebay.com/itm/204837970325,204837970325
https://www.ebay.com/itm/235656801648,235656801648
https://www.ebay.com/itm/402311294047,402311294047
https://www.ebay.com/itm/185427798141,185427798141
https://www.ebay.com/itm/167155147545,167155147545
https://www.ebay.com/itm/316136081232,316136081232
https://www.ebay.com/itm/396138067947,396138067947
https://www.ebay.com/itm/226372800637,226372800637
https://www.ebay.com/itm/286376119907,286376119907
https://www.ebay.com/itm/324806198109,324806198109
https://www.ebay.com/itm/356382076612,356382076612
https://www.ebay.com/itm/285755443335,285755443335
https://www.ebay.com/itm/276914430044,276914430044
https://www.ebay.com/itm/184961468295,184961468295
https://www.ebay.com/itm/276914421896,276914421896
https://www.ebay.com/itm/226415517896,226415517896
https://www.ebay.com/itm/176645708890,176645708890
https://www.ebay.com/itm/276395566301,276395566301
https://www.ebay.com/itm/314258381747,314258381747
https://www.ebay.com/itm/165822419270,165822419270
https://www.ebay.com/itm/143111277220,143111277220
https://www.ebay.com/itm/276923772424,276923772424
https://www.ebay.com/itm/394063406545,394063406545
https://www.ebay.com/itm/276328360110,276328360110
https://www.ebay.com/itm/314773761651,314773761651
https://www.ebay.com/itm/235470880353,235470880353
https://www.ebay.com/itm/235517808848,235517808848
https://www.ebay.com/itm/404735188713,404735188713
https://www.ebay.com/itm/405591167337,405591167337
https://www.ebay.com/itm/315892509242,315892509242
https://www.ebay.com/itm/396174202915,396174202915
https://www.ebay.com/itm/405486351520,405486351520
https://www.ebay.com/itm/126749016662,126749016662
https://www.ebay.com/itm/235973466088,235973466088
https://www.ebay.com/itm/356642280497,356642280497
https://www.ebay.com/itm/226552259767,226552259767
https://www.ebay.com/itm/235973432452,235973432452
https://www.ebay.com/itm/316407970568,316407970568
https://www.ebay.com/itm/365408741880,365408741880
https://www.ebay.com/itm/267113692194,267113692194
https://www.ebay.com/itm/396261140187,396261140187
https://www.ebay.com/itm/196508308944,196508308944
https://www.ebay.com/itm/395615276518,395615276518
https://www.ebay.com/itm/156288331910,156288331910
https://www.ebay.com/itm/356024890638,356024890638
https://www.ebay.com/itm/146197028677,146197028677
https://www.ebay.com/itm/315646250657,315646250657
https://www.ebay.com/itm/176882089029,176882089029
https://www.ebay.com/itm/226584235676,226584235676
https://www.ebay.com/itm/405383360709,405383360709
https://www.ebay.com/itm/235875336199,235875336199
https://www.ebay.com/itm/286369728982,286369728982
https://www.ebay.com/itm/405078309411,405078309411
https://www.ebay.com/itm/134005921335,134005921335
https://www.ebay.com/itm/126954868188,126954868188
https://www.ebay.com/itm/405603217803,405603217803
https://www.ebay.com/itm/405387389407,405387389407
https://www.ebay.com/itm/388031523719,388031523719
https://www.ebay.com/itm/396271368446,396271368446
https://www.ebay.com/itm/326453419689,326453419689
https://www.ebay.com/itm/396206023897,396206023897
https://www.ebay.com/itm/176873351682,176873351682
https://www.ebay.com/itm/387838745241,387838745241
https://www.ebay.com/itm/186626895611,186626895611
https://www.ebay.com/itm/316292341060,316292341060
https://www.ebay.com/itm/376015168136,376015168136
https://www.ebay.com/itm/387998477144,387998477144
https://www.ebay.com/itm/286225161816,286225161816
https://www.ebay.com/itm/126605833920,126605833920
https://www.ebay.com/itm/286145989537,286145989537
https://www.ebay.com/itm/388002531081,388002531081
https://www.ebay.com/itm/316429268275,316429268275
https://www.ebay.com/itm/146072287940,146072287940
https://www.ebay.com/itm/387982610804,387982610804
https://www.ebay.com/itm/306096297014,306096297014
https://www.ebay.com/itm/126834592645,126834592645
https://www.ebay.com/itm/388026215458,388026215458
https://www.ebay.com/itm/286304791677,286304791677
https://www.ebay.com/itm/335748754212,335748754212
https://www.ebay.com/itm/226552273904,226552273904
https://www.ebay.com/itm/395615274052,395615274052
https://www.ebay.com/itm/176537343571,176537343571
https://www.ebay.com/itm/176538885547,176538885547
https://www.ebay.com/itm/316385909858,316385909858
https://www.ebay.com/itm/316284808958,316284808958
https://www.ebay.com/itm/356385491593,356385491593
https://www.ebay.com/itm/196916134031,196916134031
https://www.ebay.com/itm/115820433924,115820433924
https://www.ebay.com/itm/365255671192,365255671192
https://www.ebay.com/itm/235993565363,235993565363
https://www.ebay.com/itm/276888273424,276888273424
https://www.ebay.com/itm/146433681726,146433681726
https://www.ebay.com/itm/134904705154,134904705154
https://www.ebay.com/itm/256154981463,256154981463
https://www.ebay.com/itm/394594007447,394594007447
https://www.ebay.com/itm/116500310852,116500310852
https://www.ebay.com/itm/116132539000,116132539000
https://www.ebay.com/itm/135073364842,135073364842
https://www.ebay.com/itm/175722280850,175722280850
https://www.ebay.com/itm/156425530317,156425530317
https://www.ebay.com/itm/176845997747,176845997747
https://www.ebay.com/itm/116305413034,116305413034
https://www.ebay.com/itm/405152522898,405152522898
https://www.ebay.com/itm/203885309951,203885309951
https://www.ebay.com/itm/176272640903,176272640903
https://www.ebay.com/itm/405270609746,405270609746
https://www.ebay.com/itm/315788196582,315788196582
https://www.ebay.com/itm/205306682835,205306682835
https://www.ebay.com/itm/116350908843,116350908843
https://www.ebay.com/itm/204612137698,204612137698
https://www.ebay.com/itm/335618157894,335618157894
https://www.ebay.com/itm/405575586100,405575586100
https://www.ebay.com/itm/146433681536,146433681536
https://www.ebay.com/itm/376014320749,376014320749
https://www.ebay.com/itm/376045410306,376045410306
https://www.ebay.com/itm/405124126090,405124126090
https://www.ebay.com/itm/186819243726,186819243726
https://www.ebay.com/itm/185412392699,185412392699
https://www.ebay.com/itm/235956109683,235956109683
https://www.ebay.com/itm/365391654299,365391654299
https://www.ebay.com/itm/405441283037,405441283037
https://www.ebay.com/itm/202378368988,202378368988
https://www.ebay.com/itm/176732205166,176732205166
https://www.ebay.com/itm/205307899988,205307899988
https://www.ebay.com/itm/195449717580,195449717580
https://www.ebay.com/itm/396283847514,396283847514
https://www.ebay.com/itm/235837546554,235837546554
https://www.ebay.com/itm/376040415155,376040415155
https://www.ebay.com/itm/283894076009,283894076009
https://www.ebay.com/itm/196576938898,196576938898
https://www.ebay.com/itm/276133570841,276133570841
https://www.ebay.com/itm/364327216341,364327216341
https://www.ebay.com/itm/354557116877,354557116877
https://www.ebay.com/itm/283618812654,283618812654
https://www.ebay.com/itm/284693335942,284693335942
https://www.ebay.com/itm/134987044389,134987044389
https://www.ebay.com/itm/394687786029,394687786029
https://www.ebay.com/itm/386963551235,386963551235
https://www.ebay.com/itm/324570441124,324570441124
https://www.ebay.com/itm/205332776466,205332776466
https://www.ebay.com/itm/176892386730,176892386730
https://www.ebay.com/itm/356603467106,356603467106
https://www.ebay.com/itm/226134539659,226134539659
https://www.ebay.com/itm/156493350494,156493350494
https://www.ebay.com/itm/195463473174,195463473174
https://www.ebay.com/itm/405579941137,405579941137
https://www.ebay.com/itm/396277577439,396277577439
https://www.ebay.com/itm/355899696653,355899696653
https://www.ebay.com/itm/131657370189,131657370189
https://www.ebay.com/itm/322382352646,322382352646
https://www.ebay.com/itm/145795462931,145795462931
https://www.ebay.com/itm/322400362901,322400362901
https://www.ebay.com/itm/405383353383,405383353383
https://www.ebay.com/itm/163289752977,163289752977
https://www.ebay.com/itm/156580877048,156580877048
https://www.ebay.com/itm/135573610713,135573610713
https://www.ebay.com/itm/135392581406,135392581406
https://www.ebay.com/itm/133443646223,133443646223
https://www.ebay.com/itm/263505214248,263505214248
https://www.ebay.com/itm/140606565403,140606565403
https://www.ebay.com/itm/405612615602,405612615602
https://www.ebay.com/itm/405612615606,405612615606
https://www.ebay.com/itm/405612615603,405612615603
https://www.ebay.com/itm/405612602768,405612602768
https://www.ebay.com/itm/405612602776,405612602776
https://www.ebay.com/itm/173428170181,173428170181
https://www.ebay.com/itm/405612602770,405612602770
https://www.ebay.com/itm/196238404803,196238404803
https://www.ebay.com/itm/205264271498,205264271498
https://www.ebay.com/itm/221145081334,221145081334
https://www.ebay.com/itm/363380803499,363380803499
https://www.ebay.com/itm/194487034836,194487034836
https://www.ebay.com/itm/135434430346,135434430346
https://www.ebay.com/itm/176644734344,176644734344
https://www.ebay.com/itm/276635261808,276635261808
https://www.ebay.com/itm/266956671341,266956671341
https://www.ebay.com/itm/196210568191,196210568191
https://www.ebay.com/itm/146398150900,146398150900
https://www.ebay.com/itm/335839683739,335839683739
https://www.ebay.com/itm/267164311105,267164311105
https://www.ebay.com/itm/185259180091,185259180091
https://www.ebay.com/itm/267164317177,267164317177
https://www.ebay.com/itm/376043750855,376043750855
https://www.ebay.com/itm/404986244161,404986244161
https://www.ebay.com/itm/167360143651,167360143651
https://www.ebay.com/itm/126947598300,126947598300
https://www.ebay.com/itm/116404503436,116404503436
https://www.ebay.com/itm/146408511341,146408511341
https://www.ebay.com/itm/266381926316,266381926316
https://www.ebay.com/itm/316320256125,316320256125
https://www.ebay.com/itm/405609796898,405609796898
https://www.ebay.com/itm/184093229381,184093229381
https://www.ebay.com/itm/186804461797,186804461797
https://www.ebay.com/itm/256383211878,256383211878
https://www.ebay.com/itm/144068804288,144068804288
https://www.ebay.com/itm/306084746017,306084746017
https://www.ebay.com/itm/116458667098,116458667098
https://www.ebay.com/itm/335817526329,335817526329
https://www.ebay.com/itm/116495161592,116495161592
https://www.ebay.com/itm/126299828844,126299828844
https://www.ebay.com/itm/286343379586,286343379586
https://www.ebay.com/itm/126671290595,126671290595
https://www.ebay.com/itm/235877475868,235877475868
https://www.ebay.com/itm/384491423398,384491423398
https://www.ebay.com/itm/276198377247,276198377247
https://www.ebay.com/itm/297084361211,297084361211
https://www.ebay.com/itm/403447430775,403447430775
https://www.ebay.com/itm/335849352892,335849352892
https://www.ebay.com/itm/116013176705,116013176705
https://www.ebay.com/itm/256846726464,256846726464
https://www.ebay.com/itm/116509277143,116509277143
https://www.ebay.com/itm/256844729613,256844729613
https://www.ebay.com/itm/405610368670,405610368670
https://www.ebay.com/itm/396118384922,396118384922
https://www.ebay.com/itm/306162880941,306162880941
https://www.ebay.com/itm/276906204257,276906204257
https://www.ebay.com/itm/285798719024,285798719024
https://www.ebay.com/itm/356494505361,356494505361
https://www.ebay.com/itm/186971822682,186971822682
https://www.ebay.com/itm/144856027942,144856027942
https://www.ebay.com/itm/266426068816,266426068816
https://www.ebay.com/itm/405607253102,405607253102
https://www.ebay.com/itm/196870411245,196870411245
https://www.ebay.com/itm/376031210044,376031210044
https://www.ebay.com/itm/292355556554,292355556554
https://www.ebay.com/itm/146280314515,146280314515
https://www.ebay.com/itm/326473249060,326473249060
https://www.ebay.com/itm/226631612538,226631612538
https://www.ebay.com/itm/325791276236,325791276236
https://www.ebay.com/itm/226381320990,226381320990
https://www.ebay.com/itm/275432827701,275432827701
https://www.ebay.com/itm/354393355064,354393355064
https://www.ebay.com/itm/275427662747,275427662747
https://www.ebay.com/itm/185698601733,185698601733
https://www.ebay.com/itm/186680796452,186680796452
https://www.ebay.com/itm/226348022590,226348022590
https://www.ebay.com/itm/365444116319,365444116319
https://www.ebay.com/itm/133979192210,133979192210
https://www.ebay.com/itm/335037340497,335037340497
https://www.ebay.com/itm/326195914219,326195914219
https://www.ebay.com/itm/326457986678,326457986678
https://www.ebay.com/itm/326456455646,326456455646
https://www.ebay.com/itm/355896536737,355896536737
https://www.ebay.com/itm/167359726025,167359726025
https://www.ebay.com/itm/195547073395,195547073395
https://www.ebay.com/itm/355095070816,355095070816
https://www.ebay.com/itm/185735284265,185735284265
https://www.ebay.com/itm/286256037131,286256037131
https://www.ebay.com/itm/186577116952,186577116952
https://www.ebay.com/itm/176566107239,176566107239
https://www.ebay.com/itm/386936766515,386936766515
https://www.ebay.com/itm/387578165479,387578165479
https://www.ebay.com/itm/187020837090,187020837090
https://www.ebay.com/itm/356339359651,356339359651
https://www.ebay.com/itm/225972198084,225972198084
https://www.ebay.com/itm/135536316494,135536316494
https://www.ebay.com/itm/266745050689,266745050689
https://www.ebay.com/itm/186927670371,186927670371
https://www.ebay.com/itm/375928365565,375928365565
https://www.ebay.com/itm/204733115528,204733115528
https://www.ebay.com/itm/125654714303,125654714303
https://www.ebay.com/itm/226596705092,226596705092
https://www.ebay.com/itm/226348182225,226348182225
https://www.ebay.com/itm/196279655747,196279655747
https://www.ebay.com/itm/396151042500,396151042500
https://www.ebay.com/itm/205224880479,205224880479
https://www.ebay.com/itm/388046460949,388046460949
https://www.ebay.com/itm/306110010737,306110010737
https://www.ebay.com/itm/255020221191,255020221191
https://www.ebay.com/itm/276565265231,276565265231
https://www.ebay.com/itm/316448580347,316448580347
https://www.ebay.com/itm/156692745199,156692745199
https://www.ebay.com/itm/116424241821,116424241821
https://www.ebay.com/itm/376043701628,376043701628
https://www.ebay.com/itm/354954083469,354954083469
https://www.ebay.com/itm/315975504969,315975504969
https://www.ebay.com/itm/156641705633,156641705633
https://www.ebay.com/itm/235992793282,235992793282
https://www.ebay.com/itm/225936656368,225936656368
https://www.ebay.com/itm/356641565066,356641565066
https://www.ebay.com/itm/166780321126,166780321126
https://www.ebay.com/itm/275382780260,275382780260
https://www.ebay.com/itm/186919050572,186919050572
https://www.ebay.com/itm/156078647276,156078647276
https://www.ebay.com/itm/176820212700,176820212700
https://www.ebay.com/itm/405265893388,405265893388
https://www.ebay.com/itm/405322794204,405322794204
https://www.ebay.com/itm/135546185877,135546185877
https://www.ebay.com/itm/296805991039,296805991039
https://www.ebay.com/itm/266901627470,266901627470
https://www.ebay.com/itm/196800133846,196800133846
https://www.ebay.com/itm/396109878462,396109878462
https://www.ebay.com/itm/196504235351,196504235351
https://www.ebay.com/itm/256029651251,256029651251
https://www.ebay.com/itm/126960849309,126960849309
https://www.ebay.com/itm/167055263782,167055263782
https://www.ebay.com/itm/132457800368,132457800368
https://www.ebay.com/itm/126799764594,126799764594
https://www.ebay.com/itm/196309826108,196309826108
https://www.ebay.com/itm/396006279955,396006279955
https://www.ebay.com/itm/267028423735,267028423735
https://www.ebay.com/itm/365351631476,365351631476
https://www.ebay.com/itm/395927107166,395927107166
https://www.ebay.com/itm/235924846152,235924846152
https://www.ebay.com/itm/196839752349,196839752349
https://www.ebay.com/itm/197037392302,197037392302
https://www.ebay.com/itm/167343550554,167343550554
https://www.ebay.com/itm/166957311815,166957311815
https://www.ebay.com/itm/266917679419,266917679419
https://www.ebay.com/itm/286364255281,286364255281
https://www.ebay.com/itm/205332875133,205332875133
https://www.ebay.com/itm/135317130830,135317130830
https://www.ebay.com/itm/396157106585,396157106585
https://www.ebay.com/itm/146387257039,146387257039
https://www.ebay.com/itm/266538594014,266538594014
https://www.ebay.com/itm/396006172538,396006172538
https://www.ebay.com/itm/266073151497,266073151497
https://www.ebay.com/itm/266123323111,266123323111
https://www.ebay.com/itm/126645298989,126645298989
https://www.ebay.com/itm/156124389851,156124389851
https://www.ebay.com/itm/387968903487,387968903487
https://www.ebay.com/itm/365340818783,365340818783
https://www.ebay.com/itm/266926448868,266926448868
https://www.ebay.com/itm/134017873268,134017873268
https://www.ebay.com/itm/396135345122,396135345122
https://www.ebay.com/itm/396250666164,396250666164
https://www.ebay.com/itm/396118022323,396118022323
https://www.ebay.com/itm/387970123165,387970123165
https://www.ebay.com/itm/265631471193,265631471193
https://www.ebay.com/itm/116406088437,116406088437
https://www.ebay.com/itm/167345507870,167345507870
https://www.ebay.com/itm/355628567451,355628567451
https://www.ebay.com/itm/224025661536,224025661536
https://www.ebay.com/itm/285794125264,285794125264
https://www.ebay.com/itm/364151358305,364151358305
https://www.ebay.com/itm/375688667011,375688667011
https://www.ebay.com/itm/126876916718,126876916718
https://www.ebay.com/itm/197020520078,197020520078
https://www.ebay.com/itm/187000439252,187000439252
https://www.ebay.com/itm/396128957055,396128957055
https://www.ebay.com/itm/365434966114,365434966114
https://www.ebay.com/itm/365401471315,365401471315
https://www.ebay.com/itm/126943339852,126943339852
https://www.ebay.com/itm/316123328524,316123328524
https://www.ebay.com/itm/396135356142,396135356142
https://www.ebay.com/itm/266332369105,266332369105
https://www.ebay.com/itm/115806380004,115806380004
https://www.ebay.com/itm/116455334027,116455334027
https://www.ebay.com/itm/116449642271,116449642271
https://www.ebay.com/itm/115815933495,115815933495
https://www.ebay.com/itm/196305942422,196305942422
https://www.ebay.com/itm/305966728301,305966728301
https://www.ebay.com/itm/335720448847,335720448847
https://www.ebay.com/itm/326346360075,326346360075
https://www.ebay.com/itm/126716305927,126716305927
https://www.ebay.com/itm/264714576220,264714576220
https://www.ebay.com/itm/264714553889,264714553889
https://www.ebay.com/itm/226135875813,226135875813
https://www.ebay.com/itm/167233887389,167233887389
https://www.ebay.com/itm/285011805984,285011805984
https://www.ebay.com/itm/116332233976,116332233976
https://www.ebay.com/itm/316104618419,316104618419
https://www.ebay.com/itm/283951308518,283951308518
https://www.ebay.com/itm/256397263864,256397263864
https://www.ebay.com/itm/305718430632,305718430632
https://www.ebay.com/itm/266896713942,266896713942
https://www.ebay.com/itm/276553848381,276553848381
https://www.ebay.com/itm/266889342994,266889342994
https://www.ebay.com/itm/204735223871,204735223871
https://www.ebay.com/itm/296452079342,296452079342
https://www.ebay.com/itm/387635594054,387635594054
https://www.ebay.com/itm/254582474636,254582474636
https://www.ebay.com/itm/196337655134,196337655134
https://www.ebay.com/itm/254170214367,254170214367
https://www.ebay.com/itm/116055339983,116055339983
https://www.ebay.com/itm/115975817889,115975817889
https://www.ebay.com/itm/316104620772,316104620772
https://www.ebay.com/itm/387255296984,387255296984
https://www.ebay.com/itm/255653345668,255653345668
https://www.ebay.com/itm/335440300363,335440300363
https://www.ebay.com/itm/197057476004,197057476004
https://www.ebay.com/itm/256518979185,256518979185
https://www.ebay.com/itm/196648396790,196648396790
https://www.ebay.com/itm/276742020008,276742020008
https://www.ebay.com/itm/404925403111,404925403111
https://www.ebay.com/itm/115795487600,115795487600
https://www.ebay.com/itm/187019811651,187019811651
https://www.ebay.com/itm/176856070217,176856070217
https://www.ebay.com/itm/365439544439,365439544439
https://www.ebay.com/itm/116466542295,116466542295
https://www.ebay.com/itm/115839581444,115839581444
https://www.ebay.com/itm/275457031453,275457031453
https://www.ebay.com/itm/335762770305,335762770305
https://www.ebay.com/itm/254654754368,254654754368
https://www.ebay.com/itm/276553848429,276553848429
https://www.ebay.com/itm/146416413593,146416413593
https://www.ebay.com/itm/276927572910,276927572910
https://www.ebay.com/itm/226634667446,226634667446
https://www.ebay.com/itm/305073734674,305073734674
https://www.ebay.com/itm/167025758236,167025758236
https://www.ebay.com/itm/115892100200,115892100200
https://www.ebay.com/itm/187000293037,187000293037
https://www.ebay.com/itm/126480962681,126480962681
https://www.ebay.com/itm/315829474612,315829474612
https://www.ebay.com/itm/116266481567,116266481567
https://www.ebay.com/itm/266979553064,266979553064
https://www.ebay.com/itm/326347464682,326347464682
https://www.ebay.com/itm/375897163509,375897163509
https://www.ebay.com/itm/356573933255,356573933255
https://www.ebay.com/itm/326472136318,326472136318
https://www.ebay.com/itm/335066191383,335066191383
https://www.ebay.com/itm/115940036321,115940036321
https://www.ebay.com/itm/223979571796,223979571796
https://www.ebay.com/itm/135018937757,135018937757
https://www.ebay.com/itm/365413757488,365413757488
https://www.ebay.com/itm/304933697912,304933697912
https://www.ebay.com/itm/225232916083,225232916083
https://www.ebay.com/itm/314956305011,314956305011
https://www.ebay.com/itm/326255797813,326255797813
https://www.ebay.com/itm/126911552022,126911552022
https://www.ebay.com/itm/326350801551,326350801551
https://www.ebay.com/itm/326472136351,326472136351
https://www.ebay.com/itm/193553482938,193553482938
https://www.ebay.com/itm/404953294066,404953294066
https://www.ebay.com/itm/296560784488,296560784488
https://www.ebay.com/itm/116447814216,116447814216
https://www.ebay.com/itm/284383788268,284383788268
https://www.ebay.com/itm/256824391651,256824391651
https://www.ebay.com/itm/116112402153,116112402153
https://www.ebay.com/itm/316432693292,316432693292
https://www.ebay.com/itm/265625460264,265625460264
https://www.ebay.com/itm/296817759465,296817759465
https://www.ebay.com/itm/205331914816,205331914816
https://www.ebay.com/itm/135552323988,135552323988
https://www.ebay.com/itm/326350752322,326350752322
https://www.ebay.com/itm/126769989087,126769989087
https://www.ebay.com/itm/375960008123,375960008123
https://www.ebay.com/itm/226570636879,226570636879
https://www.ebay.com/itm/403776952748,403776952748
https://www.ebay.com/itm/114618496075,114618496075
https://www.ebay.com/itm/167185528447,167185528447
https://www.ebay.com/itm/186942252392,186942252392
https://www.ebay.com/itm/205273325221,205273325221
https://www.ebay.com/itm/396244832463,396244832463
https://www.ebay.com/itm/375835891019,375835891019
https://www.ebay.com/itm/196463703379,196463703379
https://www.ebay.com/itm/326072416389,326072416389
https://www.ebay.com/itm/224411053720,224411053720
https://www.ebay.com/itm/316402649235,316402649235
https://www.ebay.com/itm/306071653976,306071653976
https://www.ebay.com/itm/256519887875,256519887875
https://www.ebay.com/itm/124511451990,124511451990
https://www.ebay.com/itm/224411052627,224411052627
https://www.ebay.com/itm/285876074138,285876074138
https://www.ebay.com/itm/195717523333,195717523333
https://www.ebay.com/itm/166488042479,166488042479
https://www.ebay.com/itm/297028731326,297028731326
https://www.ebay.com/itm/167358215502,167358215502
https://www.ebay.com/itm/135542352340,135542352340
https://www.ebay.com/itm/187011829592,187011829592
https://www.ebay.com/itm/234740614955,234740614955
https://www.ebay.com/itm/383797246878,383797246878
https://www.ebay.com/itm/375009780740,375009780740
https://www.ebay.com/itm/326252498457,326252498457
https://www.ebay.com/itm/204354676935,204354676935
https://www.ebay.com/itm/297089589558,297089589558
https://www.ebay.com/itm/235892073062,235892073062
https://www.ebay.com/itm/405615092537,405615092537
https://www.ebay.com/itm/156179224878,156179224878
https://www.ebay.com/itm/145639884571,145639884571
https://www.ebay.com/itm/365427748713,365427748713
https://www.ebay.com/itm/373530480350,373530480350
https://www.ebay.com/itm/156327604212,156327604212
https://www.ebay.com/itm/155524566127,155524566127
https://www.ebay.com/itm/387938830521,387938830521
https://www.ebay.com/itm/135601154717,135601154717
https://www.ebay.com/itm/266692431952,266692431952
https://www.ebay.com/itm/375279032105,375279032105
https://www.ebay.com/itm/156534415657,156534415657
https://www.ebay.com/itm/295097002192,295097002192
https://www.ebay.com/itm/375284142427,375284142427
https://www.ebay.com/itm/265114592859,265114592859
https://www.ebay.com/itm/167031735841,167031735841
https://www.ebay.com/itm/266692491610,266692491610
https://www.ebay.com/itm/156257246324,156257246324
https://www.ebay.com/itm/285940263627,285940263627
https://www.ebay.com/itm/167091604316,167091604316
https://www.ebay.com/itm/388034638015,388034638015
https://www.ebay.com/itm/365374754988,365374754988
https://www.ebay.com/itm/265983500898,265983500898
https://www.ebay.com/itm/266841566028,266841566028
https://www.ebay.com/itm/326475238084,326475238084
https://www.ebay.com/itm/274493598619,274493598619
https://www.ebay.com/itm/375991055458,375991055458
https://www.ebay.com/itm/256805066996,256805066996
https://www.ebay.com/itm/356616707321,356616707321
https://www.ebay.com/itm/375979555928,375979555928
https://www.ebay.com/itm/356577245587,356577245587
https://www.ebay.com/itm/315380320519,315380320519
https://www.ebay.com/itm/376019696217,376019696217
https://www.ebay.com/itm/405610049058,405610049058
https://www.ebay.com/itm/185779976643,185779976643
https://www.ebay.com/itm/116439084522,116439084522
https://www.ebay.com/itm/365441938109,365441938109
https://www.ebay.com/itm/266692590974,266692590974
https://www.ebay.com/itm/376045457299,376045457299
https://www.ebay.com/itm/286158185541,286158185541
https://www.ebay.com/itm/364745069964,364745069964
https://www.ebay.com/itm/365411632584,365411632584
https://www.ebay.com/itm/365287263800,365287263800
https://www.ebay.com/itm/276535998102,276535998102
https://www.ebay.com/itm/395561792302,395561792302
https://www.ebay.com/itm/396254372126,396254372126
https://www.ebay.com/itm/365353434182,365353434182
https://www.ebay.com/itm/176852829304,176852829304
https://www.ebay.com/itm/364656007583,364656007583
https://www.ebay.com/itm/235425329067,235425329067
https://www.ebay.com/itm/204450208887,204450208887
https://www.ebay.com/itm/335329535867,335329535867
https://www.ebay.com/itm/285940372908,285940372908
https://www.ebay.com/itm/196431502204,196431502204
https://www.ebay.com/itm/335049041790,335049041790
https://www.ebay.com/itm/165992428421,165992428421
https://www.ebay.com/itm/135539116617,135539116617
https://www.ebay.com/itm/296371802515,296371802515
https://www.ebay.com/itm/253040641338,253040641338
